Sexo,Altura,Peso
M,1.87,109.72
M,1.74,73.62
M,1.88,96.49
M,1.82,99.81
M,1.77,93.6
M,1.7,69.04
M,1.74,83.42
M,1.73,76.19
M,1.7,79.8
M,1.61,70.94
M,1.8,84.64
M,1.81,96.95
M,1.64,75.8
M,1.75,85.93
M,1.75,84.56
M,1.71,78.1
M,1.83,88.91
M,1.62,78.41
M,1.76,84.36
M,1.72,82.74
M,1.72,78.97
M,1.76,89.69
M,1.68,67.66
M,1.91,103.76
M,1.72,73.48
M,1.73,87.24
M,1.75,83.65
M,1.84,93.81
M,1.71,79.47
M,1.73,70.0
M,1.74,85.05
M,1.88,96.57
M,1.81,88.46
M,1.75,93.07
M,1.76,92.6
M,1.78,87.5
M,1.75,89.58
M,1.7,83.37
M,1.67,74.32
M,1.63,73.98
M,1.72,78.08
M,1.83,88.01
M,1.65,76.48
M,1.67,73.11
M,1.71,74.68
M,1.78,85.69
M,1.73,84.85
M,1.83,94.83
M,1.75,87.09
M,1.85,95.86
M,1.64,75.12
M,1.78,91.2
M,1.73,78.66
M,1.71,82.28
M,1.7,76.99
M,1.68,74.07
M,1.73,86.05
M,1.79,87.14
M,1.8,89.9
M,1.77,95.04
M,1.81,90.15
M,1.76,89.84
M,1.87,88.58
M,1.7,74.81
M,1.81,81.58
M,1.65,70.42
M,1.73,83.69
M,1.84,100.09
M,1.72,83.15
M,1.74,89.11
M,1.75,83.73
M,1.79,94.13
M,1.76,80.37
M,1.71,73.98
M,1.84,98.07
M,1.8,92.83
M,1.82,91.13
M,1.83,100.2
M,1.68,89.1
M,1.67,76.49
M,1.71,82.29
M,1.73,90.11
M,1.87,107.91
M,1.77,78.49
M,1.67,72.88
M,1.8,85.55
M,1.69,94.5
M,1.75,87.74
M,1.73,78.97
M,1.83,89.52
M,1.82,91.45
M,1.65,82.1
M,1.79,82.61
M,1.64,80.53
M,1.7,74.83
M,1.65,75.16
M,1.82,87.58
M,1.69,81.95
M,1.68,78.37
M,1.76,80.5
M,1.77,91.09
M,1.69,76.08
M,1.68,70.03
M,1.73,80.73
M,1.77,83.43
M,1.74,81.28
M,1.71,71.92
M,1.68,75.52
M,1.75,78.01
M,1.71,79.09
M,1.76,85.16
M,1.73,91.39
M,1.81,92.95
M,1.75,81.05
M,1.7,74.39
M,1.87,101.27
M,1.76,92.06
M,1.73,85.9
M,1.72,80.81
M,1.82,101.28
M,1.61,75.76
M,1.74,81.86
M,1.7,74.58
M,1.59,68.02
M,1.83,87.5
M,1.8,91.57
M,1.71,81.58
M,1.79,89.11
M,1.76,85.07
M,1.68,77.88
M,1.71,86.95
M,1.67,75.22
M,1.81,84.21
M,1.73,80.86
M,1.62,68.48
M,1.8,95.22
M,1.73,78.99
M,1.73,81.59
M,1.72,76.09
M,1.73,83.02
M,1.74,76.91
M,1.68,78.66
M,1.68,82.05
M,1.71,83.23
M,1.76,93.43
M,1.79,83.35
M,1.81,91.6
M,1.8,98.03
M,1.68,72.29
M,1.84,95.4
M,1.71,81.02
M,1.65,66.56
M,1.79,88.87
M,1.77,77.19
M,1.64,76.95
M,1.76,89.98
M,1.74,81.6
M,1.57,66.79
M,1.74,80.28
M,1.65,84.12
M,1.63,80.51
M,1.74,77.03
M,1.84,90.07
M,1.7,92.23
M,1.7,87.64
M,1.65,80.8
M,1.68,73.83
M,1.71,72.25
M,1.66,78.07
M,1.77,91.55
M,1.73,77.27
M,1.83,93.16
M,1.73,77.01
M,1.82,90.91
M,1.67,81.0
M,1.69,76.21
M,1.71,80.63
M,1.73,87.67
M,1.64,73.65
M,1.71,83.18
M,1.73,82.12
M,1.76,95.65
M,1.68,75.1
M,1.69,88.97
M,1.82,91.64
M,1.73,77.29
M,1.77,91.6
M,1.82,87.72
M,1.67,81.58
M,1.7,70.98
M,1.94,106.61
M,1.84,104.58
M,1.77,92.48
M,1.84,98.98
M,1.84,101.0
M,1.83,94.56
M,1.7,82.0
M,1.92,105.2
M,1.68,77.38
M,1.8,85.39
M,1.8,88.93
M,1.83,97.34
M,1.9,101.66
M,1.63,71.93
M,1.64,75.52
M,1.61,72.63
M,1.72,79.91
M,1.67,79.14
M,1.8,87.95
M,1.71,84.81
M,1.74,78.74
M,1.78,87.7
M,1.83,94.54
M,1.79,93.45
M,1.67,78.28
M,1.89,105.52
M,1.71,80.39
M,1.7,79.67
M,1.82,96.44
M,1.64,75.73
M,1.73,89.09
M,1.69,75.03
M,1.69,80.09
M,1.72,79.22
M,1.75,88.55
M,1.78,93.29
M,1.64,71.82
M,1.72,76.69
M,1.61,61.53
M,1.82,98.95
M,1.69,70.71
M,1.82,91.41
M,1.93,107.01
M,1.81,88.63
M,1.71,80.12
M,1.79,90.02
M,1.77,84.24
M,1.72,80.44
M,1.88,97.86
M,1.75,84.83
M,1.69,77.83
M,1.69,78.4
M,1.7,76.33
M,1.75,74.3
M,1.79,86.19
M,1.66,71.15
M,1.65,78.29
M,1.71,76.68
M,1.87,104.95
M,1.81,94.0
M,1.72,78.08
M,1.73,90.64
M,1.67,76.24
M,1.81,89.73
M,1.75,89.31
M,1.74,81.74
M,1.8,85.79
M,1.61,71.86
M,1.8,94.76
M,1.67,84.88
M,1.65,71.47
M,1.72,82.39
M,1.8,92.87
M,1.88,104.84
M,1.76,84.48
M,1.64,82.14
M,1.73,90.23
M,1.8,92.24
M,1.56,73.04
M,1.73,86.09
M,1.83,90.81
M,1.84,100.63
M,1.8,97.09
M,1.83,91.49
M,1.71,84.9
M,1.83,89.14
M,1.59,68.82
M,1.68,75.88
M,1.76,90.19
M,1.75,81.09
M,1.79,87.78
M,1.74,89.69
M,1.67,83.67
M,1.68,70.39
M,1.69,73.02
M,1.72,85.76
M,1.79,78.46
M,1.75,88.85
M,1.79,97.86
M,1.65,75.61
M,1.89,108.62
M,1.8,83.58
M,1.76,90.71
M,1.77,86.82
M,1.63,76.7
M,1.72,88.33
M,1.71,83.12
M,1.89,95.42
M,1.81,89.83
M,1.7,78.32
M,1.77,89.39
M,1.73,86.41
M,1.72,83.71
M,1.73,81.61
M,1.65,72.35
M,1.78,89.76
M,1.8,98.55
M,1.73,85.23
M,1.66,80.22
M,1.71,83.98
M,1.88,101.29
M,1.8,93.86
M,1.7,77.57
M,1.72,79.48
M,1.71,78.61
M,1.74,82.15
M,1.82,91.9
M,1.76,90.65
M,1.87,101.38
M,1.76,99.45
M,1.79,95.8
M,1.82,91.08
M,1.76,94.71
M,1.65,73.22
M,1.8,94.27
M,1.74,82.02
M,1.74,80.2
M,1.76,88.27
M,1.67,73.94
M,1.74,78.59
M,1.87,97.8
M,1.8,95.31
M,1.69,83.93
M,1.82,85.26
M,1.77,85.35
M,1.69,81.44
M,1.77,96.03
M,1.78,89.67
M,1.75,84.5
M,1.64,75.34
M,1.8,85.64
M,1.63,73.2
M,1.77,87.76
M,1.81,85.85
M,1.73,94.25
M,1.79,90.41
M,1.81,95.19
M,1.76,81.72
M,1.82,89.0
M,1.75,85.92
M,1.68,75.07
M,1.7,82.73
M,1.8,85.98
M,1.75,86.01
M,1.71,77.19
M,1.85,98.02
M,1.79,80.31
M,1.75,88.92
M,1.69,76.06
M,1.75,81.47
M,1.85,100.09
M,1.71,74.52
M,1.64,71.0
M,1.72,83.31
M,1.71,77.25
M,1.68,76.48
M,1.85,95.09
M,1.76,88.6
M,1.8,88.14
M,1.77,99.5
M,1.82,93.06
M,1.71,81.14
M,1.73,82.43
M,1.74,92.33
M,1.75,74.91
M,1.75,89.78
M,1.7,78.6
M,1.75,83.43
M,1.67,63.29
M,1.64,72.66
M,1.68,74.21
M,1.7,87.97
M,1.7,86.13
M,1.8,83.56
M,1.73,86.54
M,1.71,85.36
M,1.92,102.6
M,1.79,89.75
M,1.74,86.41
M,1.73,79.94
M,1.65,80.61
M,1.66,78.78
M,1.76,95.46
M,1.66,77.15
M,1.72,78.68
M,1.75,83.88
M,1.72,88.12
M,1.57,67.65
M,1.7,87.3
M,1.71,81.53
M,1.77,92.01
M,1.65,74.09
M,1.82,98.44
M,1.68,83.08
M,1.67,75.56
M,1.85,93.1
M,1.8,86.04
M,1.81,99.15
M,1.8,92.14
M,1.57,63.46
M,1.74,89.03
M,1.71,81.61
M,1.71,74.45
M,1.67,76.28
M,1.74,86.06
M,1.76,88.52
M,1.69,86.39
M,1.77,92.72
M,1.74,88.97
M,1.81,95.1
M,1.77,86.6
M,1.8,89.78
M,1.72,84.72
M,1.79,85.57
M,1.81,80.0
M,1.85,94.95
M,1.54,61.76
M,1.75,86.6
M,1.76,86.83
M,1.72,83.88
M,1.93,105.37
M,1.83,91.52
M,1.75,85.42
M,1.65,79.22
M,1.67,83.43
M,1.78,85.05
M,1.85,97.0
M,1.74,79.47
M,1.74,76.9
M,1.61,65.58
M,1.7,79.68
M,1.79,89.44
M,1.86,101.11
M,1.67,75.02
M,1.72,77.3
M,1.81,98.26
M,1.7,78.79
M,1.86,98.83
M,1.61,73.03
M,1.75,87.88
M,1.76,80.34
M,1.79,92.9
M,1.75,80.16
M,1.73,87.43
M,1.67,75.73
M,1.76,84.7
M,1.75,85.5
M,1.86,94.51
M,1.67,73.25
M,1.86,97.5
M,1.76,93.04
M,1.69,83.09
M,1.85,94.75
M,1.73,94.31
M,1.82,95.55
M,1.8,92.65
M,1.7,88.54
M,1.73,86.49
M,1.81,90.55
M,1.65,75.67
M,1.69,81.1
M,1.74,84.26
M,1.75,87.88
M,1.81,103.78
M,1.75,87.24
M,1.69,79.82
M,1.74,79.89
M,1.71,80.5
M,1.81,91.51
M,1.74,80.21
M,1.77,84.15
M,1.77,85.29
M,1.83,85.9
M,1.66,75.34
M,1.68,77.22
M,1.77,96.52
M,1.8,88.97
M,1.77,91.75
M,1.81,91.32
M,1.64,71.87
M,1.74,79.14
M,1.73,83.36
M,1.75,85.32
M,1.76,79.92
M,1.76,88.08
M,1.85,88.08
M,1.57,66.17
M,1.74,87.01
M,1.8,95.18
M,1.83,91.29
M,1.83,94.7
M,1.71,82.86
M,1.72,75.49
M,1.79,87.72
M,1.66,80.94
M,1.78,93.41
M,1.82,90.36
M,1.73,87.1
M,1.73,79.49
M,1.67,77.11
M,1.81,93.14
M,1.86,88.92
M,1.8,94.41
M,1.79,92.03
M,1.82,85.54
M,1.6,73.67
M,1.72,82.94
M,1.67,71.35
M,1.73,81.04
M,1.76,84.92
M,1.74,77.84
M,1.78,90.96
M,1.75,87.96
M,1.63,70.53
M,1.78,87.33
M,1.74,72.51
M,1.76,79.95
M,1.75,77.88
M,1.7,82.42
M,1.67,77.74
M,1.74,81.25
M,1.75,85.03
M,1.76,82.55
M,1.84,97.28
M,1.9,94.58
M,1.8,86.28
M,1.88,98.49
M,1.63,70.79
M,1.81,93.61
M,1.7,80.81
M,1.88,103.8
M,1.62,79.14
M,1.74,74.48
M,1.83,96.23
M,1.73,93.44
M,1.65,75.94
M,1.75,88.55
M,1.82,94.88
M,1.71,82.69
M,1.76,86.26
M,1.61,72.73
M,1.54,58.65
M,1.79,88.73
M,1.71,84.71
M,1.89,103.19
M,1.78,89.44
M,1.82,95.05
M,1.88,95.14
M,1.79,99.99
M,1.64,76.75
M,1.73,84.29
M,1.81,87.4
M,1.7,80.29
M,1.79,90.69
M,1.65,76.52
M,1.56,56.03
M,1.58,72.68
M,1.72,89.39
M,1.76,73.47
M,1.84,91.47
M,1.79,88.35
M,1.69,73.73
M,1.81,79.74
M,1.82,94.97
M,1.85,92.74
M,1.74,95.65
M,1.67,76.8
M,1.87,101.3
M,1.75,87.52
M,1.76,78.42
M,1.8,86.89
M,1.61,71.26
M,1.77,82.91
M,1.65,68.89
M,1.77,87.69
M,1.77,84.11
M,1.8,88.62
M,1.79,79.01
M,1.66,74.68
M,1.7,74.32
M,1.67,79.25
M,1.87,96.57
M,1.72,78.37
M,1.66,78.01
M,1.8,88.87
M,1.66,79.29
M,1.66,79.18
M,1.57,63.62
M,1.87,97.77
M,1.83,97.91
M,1.78,83.57
M,1.7,76.29
M,1.67,68.66
M,1.7,84.35
M,1.78,92.19
M,1.9,101.58
M,1.63,67.34
M,1.77,93.98
M,1.82,93.07
M,1.85,94.99
M,1.86,90.34
M,1.68,74.87
M,1.68,81.99
M,1.75,91.76
M,1.73,88.57
M,1.78,83.56
M,1.77,85.48
M,1.66,71.3
M,1.75,89.15
M,1.87,94.51
M,1.67,71.75
M,1.73,83.73
M,1.78,89.77
M,1.83,92.02
M,1.82,90.3
M,1.66,70.86
M,1.62,76.34
M,1.78,91.4
M,1.67,79.19
M,1.77,89.32
M,1.73,89.7
M,1.72,75.13
M,1.9,105.63
M,1.86,87.42
M,1.76,87.17
M,1.63,71.27
M,1.71,74.16
M,1.85,93.05
M,1.69,77.76
M,1.87,94.78
M,1.79,95.14
M,1.81,93.55
M,1.67,80.38
M,1.78,96.03
M,1.56,67.81
M,1.9,99.94
M,1.81,87.28
M,1.7,74.11
M,1.8,90.61
M,1.9,99.14
M,1.85,101.24
M,1.79,98.86
M,1.7,77.65
M,1.7,66.92
M,1.76,77.12
M,1.65,72.95
M,1.73,83.97
M,1.74,80.32
M,1.72,85.67
M,1.75,72.23
M,1.73,85.31
M,1.66,68.47
M,1.76,78.16
M,1.67,75.46
M,1.8,84.52
M,1.67,85.12
M,1.64,74.33
M,1.73,89.33
M,1.76,86.05
M,1.68,85.71
M,1.76,80.44
M,1.74,83.52
M,1.87,100.35
M,1.94,98.83
M,1.8,90.34
M,1.63,74.61
M,1.68,74.05
M,1.75,85.1
M,1.61,68.19
M,1.77,91.94
M,1.74,82.43
M,1.81,93.7
M,1.76,92.52
M,1.87,105.05
M,1.73,88.53
M,1.84,90.85
M,1.79,88.61
M,1.78,85.32
M,1.75,88.29
M,1.75,89.54
M,1.7,70.95
M,1.81,94.24
M,1.74,77.98
M,1.81,98.39
M,1.78,86.44
M,1.79,93.49
M,1.74,91.22
M,1.81,93.71
M,1.65,72.11
M,1.79,94.45
M,1.77,85.19
M,1.62,76.36
M,1.78,89.28
M,1.78,93.22
M,1.71,74.65
M,1.7,75.83
M,1.73,76.65
M,1.76,83.56
M,1.58,76.27
M,1.76,83.51
M,1.69,78.09
M,1.91,99.15
M,1.78,86.02
M,1.8,89.25
M,1.77,82.42
M,1.68,79.55
M,1.79,94.67
M,1.61,73.78
M,1.79,86.78
M,1.71,87.39
M,1.81,96.77
M,1.74,85.0
M,1.81,92.28
M,1.79,86.17
M,1.81,89.49
M,1.79,87.7
M,1.88,102.83
M,1.61,84.0
M,1.73,77.71
M,1.71,79.43
M,1.79,89.0
M,1.7,88.33
M,1.72,83.67
M,1.74,81.44
M,1.74,87.36
M,1.79,89.51
M,1.7,74.47
M,1.65,75.89
M,1.77,84.3
M,1.73,87.99
M,1.8,93.37
M,1.93,106.79
M,1.72,80.27
M,1.77,90.27
M,1.76,91.03
M,1.81,97.06
M,1.8,91.47
M,1.66,65.37
M,1.8,91.9
M,1.72,83.44
M,1.79,90.52
M,1.75,79.85
M,1.81,88.42
M,1.77,92.31
M,1.68,75.6
M,1.78,94.12
M,1.59,69.33
M,1.69,66.33
M,1.65,71.1
M,1.81,95.24
M,1.76,83.41
M,1.77,91.08
M,1.66,74.48
M,1.63,70.14
M,1.74,85.93
M,1.76,80.1
M,1.71,78.59
M,1.73,84.03
M,1.76,92.44
M,1.66,82.57
M,1.85,91.49
M,1.69,80.66
M,1.75,91.91
M,1.67,84.47
M,1.7,84.12
M,1.66,79.76
M,1.85,95.06
M,1.73,81.36
M,1.68,75.01
M,1.83,89.93
M,1.72,83.88
M,1.79,90.83
M,1.8,90.46
M,1.76,91.77
M,1.78,91.62
M,1.76,89.52
M,1.6,71.21
M,1.72,83.16
M,1.85,92.09
M,1.85,87.96
M,1.8,88.72
M,1.83,97.45
M,1.83,83.52
M,1.8,87.88
M,1.68,77.16
M,1.83,93.3
M,1.72,75.41
M,1.81,89.99
M,1.66,76.96
M,1.7,72.59
M,1.83,92.95
M,1.6,67.08
M,1.76,82.07
M,1.78,98.81
M,1.72,85.89
M,1.77,79.87
M,1.57,59.09
M,1.67,72.26
M,1.79,87.07
M,1.76,82.62
M,1.71,85.43
M,1.72,86.98
M,1.69,73.83
M,1.76,89.62
M,1.64,82.82
M,1.87,90.72
M,1.72,83.64
M,1.69,75.06
M,1.75,80.12
M,1.94,103.81
M,1.75,81.8
M,1.86,102.5
M,1.76,86.1
M,1.83,91.74
M,1.79,81.15
M,1.7,75.77
M,1.68,78.3
M,1.74,81.63
M,1.69,72.64
M,1.77,80.91
M,1.68,70.12
M,1.84,94.73
M,1.63,76.85
M,1.77,82.39
M,1.79,92.46
M,1.84,83.66
M,1.73,90.58
M,1.85,93.72
M,1.79,89.17
M,1.77,86.18
M,1.75,89.25
M,1.86,100.83
M,1.73,81.67
M,1.73,80.93
M,1.81,91.96
M,1.86,100.22
M,1.77,90.09
M,1.78,92.41
M,1.68,68.1
M,1.94,103.03
M,1.8,84.71
M,1.69,77.3
M,1.67,82.74
M,1.79,85.03
M,1.65,71.97
M,1.69,79.74
M,1.87,100.14
M,1.77,88.79
M,1.76,85.74
M,1.69,69.91
M,1.75,81.36
M,1.74,78.1
M,1.78,86.39
M,1.82,94.38
M,1.8,87.03
M,1.78,89.53
M,1.72,86.04
M,1.74,94.37
M,1.75,85.6
M,1.71,85.01
M,1.81,98.84
M,1.81,91.55
M,1.8,92.81
M,1.64,65.02
M,1.7,82.56
M,1.83,91.67
M,1.78,87.45
M,1.63,72.08
M,1.89,96.83
M,1.65,73.85
M,1.84,96.24
M,1.66,70.38
M,1.74,88.3
M,1.85,95.01
M,1.77,89.95
M,1.77,81.49
M,1.82,87.4
M,1.69,81.55
M,1.72,86.41
M,1.75,88.96
M,1.75,82.02
M,1.75,84.65
M,1.68,76.1
M,1.68,81.4
M,1.75,82.26
M,1.66,73.22
M,1.59,67.93
M,1.69,73.12
M,1.7,84.98
M,1.77,79.83
M,1.88,108.21
M,1.8,94.81
M,1.79,88.35
M,1.72,74.26
M,1.7,82.78
M,1.69,79.42
M,1.7,82.04
M,1.74,78.31
M,1.82,94.15
M,1.79,88.0
M,1.75,85.21
M,1.69,73.13
M,1.95,103.74
M,1.73,80.04
M,1.69,84.82
M,1.88,99.07
M,1.77,83.74
M,1.79,90.42
M,1.68,74.67
M,1.82,87.73
M,1.67,77.6
M,1.84,98.68
M,1.77,85.3
M,1.75,80.82
M,1.62,68.94
M,1.64,65.85
M,1.65,66.97
M,1.74,83.2
M,1.77,80.89
M,1.59,69.31
M,1.69,78.76
M,1.7,81.66
M,1.83,90.87
M,1.76,77.24
M,1.65,75.63
M,1.88,88.35
M,1.55,69.3
M,1.73,93.63
M,1.62,74.74
M,1.74,82.17
M,1.64,83.91
M,1.76,95.03
M,1.8,89.51
M,1.59,67.4
M,1.79,91.27
M,1.76,90.35
M,1.7,85.48
M,1.71,80.87
M,1.76,78.66
M,1.89,99.08
M,1.69,78.64
M,1.7,84.51
M,1.67,74.92
M,1.7,92.14
M,1.72,73.33
M,1.67,74.6
M,1.67,77.47
M,1.75,77.25
M,1.78,87.31
M,1.68,75.46
M,1.81,89.15
M,1.77,83.28
M,1.74,84.95
M,1.75,80.86
M,1.87,100.87
M,1.75,86.45
M,1.85,92.58
M,1.74,87.18
M,1.64,81.37
M,1.67,87.43
M,1.72,76.99
M,1.82,87.46
M,1.75,84.24
M,1.71,85.54
M,1.77,81.5
M,1.63,73.7
M,1.71,83.18
M,1.85,100.44
M,1.71,85.68
M,1.74,87.01
M,1.79,97.18
M,1.73,82.72
M,1.71,74.36
M,1.87,90.02
M,1.74,85.0
M,1.68,79.8
M,1.77,85.56
M,1.71,91.07
M,1.88,95.22
M,1.83,91.56
M,1.76,82.91
M,1.81,93.51
M,1.7,77.96
M,1.73,77.71
M,1.98,115.98
M,1.74,81.11
M,1.77,84.53
M,1.88,100.17
M,1.83,91.68
M,1.71,87.58
M,1.68,71.34
M,1.65,81.99
M,1.75,93.67
M,1.72,81.65
M,1.73,87.99
M,1.84,92.36
M,1.88,96.04
M,1.86,91.21
M,1.85,96.25
M,1.73,76.16
M,1.77,93.93
M,1.82,84.29
M,1.74,78.4
M,1.78,83.79
M,1.7,82.72
M,1.71,85.41
M,1.72,76.51
M,1.7,78.69
M,1.7,80.76
M,1.67,78.95
M,1.72,87.12
M,1.81,86.71
M,1.78,86.0
M,1.87,95.35
M,1.68,72.29
M,1.73,86.12
M,1.73,79.91
M,1.67,80.41
M,1.69,77.25
M,1.68,75.26
M,1.86,105.34
M,1.75,93.84
M,1.82,90.88
M,1.61,74.05
M,1.83,85.69
M,1.82,94.14
M,1.73,78.67
M,1.75,86.11
M,1.7,77.06
M,1.61,72.93
M,1.82,95.71
M,1.79,87.93
M,1.85,98.58
M,1.73,80.17
M,1.76,92.22
M,1.6,75.09
M,1.82,96.04
M,1.81,91.4
M,1.8,91.03
M,1.78,85.97
M,1.78,93.66
M,1.74,78.6
M,1.81,100.3
M,1.7,77.03
M,1.85,99.69
M,1.8,82.95
M,1.82,89.84
M,1.86,98.25
M,1.77,92.19
M,1.79,84.02
M,1.68,67.25
M,1.78,87.23
M,1.8,93.67
M,1.78,82.45
M,1.81,96.49
M,1.8,88.88
M,1.69,70.36
M,1.84,94.12
M,1.68,82.52
M,1.69,74.44
M,1.69,84.05
M,1.76,80.82
M,1.73,80.92
M,1.67,73.49
M,1.78,98.62
M,1.75,86.09
M,1.8,89.45
M,1.69,80.91
M,1.74,80.76
M,1.8,83.9
M,1.6,69.67
M,1.77,100.65
M,1.72,79.63
M,1.8,90.18
M,1.78,85.85
M,1.67,75.42
M,1.81,91.86
M,1.82,99.91
M,1.81,96.76
M,1.76,77.71
M,1.78,86.89
M,1.83,91.03
M,1.81,94.69
M,1.75,78.37
M,1.8,85.65
M,1.7,85.08
M,1.93,101.8
M,1.72,77.23
M,1.76,89.48
M,1.81,88.61
M,1.78,90.0
M,1.82,89.06
M,1.84,88.61
M,1.85,97.03
M,1.82,91.31
M,1.89,103.17
M,1.71,71.22
M,1.79,87.2
M,1.65,76.86
M,1.77,89.64
M,1.82,97.94
M,1.75,78.6
M,1.65,73.93
M,1.77,94.62
M,1.8,91.64
M,1.85,104.21
M,1.82,91.9
M,1.87,102.97
M,1.66,75.49
M,1.79,84.87
M,1.73,82.12
M,1.7,79.53
M,1.79,89.68
M,1.62,75.5
M,1.7,75.49
M,1.78,84.94
M,1.78,84.39
M,1.79,93.01
M,1.76,85.94
M,1.88,95.32
M,1.69,84.46
M,1.86,93.66
M,1.75,85.82
M,1.71,76.55
M,1.59,65.39
M,1.74,85.08
M,1.76,87.83
M,1.76,84.07
M,1.75,85.38
M,1.69,75.37
M,1.8,91.78
M,1.72,86.88
M,1.69,73.49
M,1.7,79.81
M,1.76,87.71
M,1.83,87.4
M,1.75,84.45
M,1.75,89.81
M,1.66,76.08
M,1.73,90.72
M,1.82,90.71
M,1.87,98.53
M,1.79,88.13
M,1.75,86.41
M,1.86,107.4
M,1.73,82.19
M,1.62,68.78
M,1.72,77.43
M,1.79,89.53
M,1.81,90.84
M,1.7,71.86
M,1.73,84.56
M,1.66,75.59
M,1.79,92.87
M,1.7,79.18
M,1.72,81.0
M,1.73,84.08
M,1.83,88.32
M,1.66,72.39
M,1.66,73.79
M,1.76,81.71
M,1.72,77.98
M,1.82,87.04
M,1.86,99.57
M,1.7,79.97
M,1.83,97.72
M,1.74,88.05
M,1.65,75.8
M,1.68,75.33
M,1.77,98.26
M,1.69,77.69
M,1.85,92.75
M,1.89,95.13
M,1.67,85.07
M,1.69,73.73
M,1.73,83.59
M,1.76,86.8
M,1.65,70.76
M,1.69,82.2
M,1.73,91.56
M,1.75,77.18
M,1.77,87.11
M,1.8,80.98
M,1.8,84.29
M,1.74,81.95
M,1.75,80.71
M,1.69,85.08
M,1.74,89.65
M,1.73,88.5
M,1.68,82.98
M,1.64,71.22
M,1.72,78.25
M,1.64,68.06
M,1.78,92.15
M,1.68,74.53
M,1.83,84.45
M,1.64,71.83
M,1.88,101.52
M,1.81,86.21
M,1.66,71.7
M,1.72,77.55
M,1.64,70.6
M,1.76,86.87
M,1.83,103.86
M,1.69,74.8
M,1.74,80.81
M,1.76,90.49
M,1.84,95.78
M,1.76,92.09
M,1.76,84.07
M,1.67,67.69
M,1.82,97.18
M,1.68,72.74
M,1.68,81.85
M,1.79,89.37
M,1.72,84.46
M,1.67,75.11
M,1.75,91.31
M,1.85,91.32
M,1.72,86.51
M,1.77,87.58
M,1.81,96.75
M,1.81,95.23
M,1.75,82.19
M,1.72,77.4
M,1.82,104.1
M,1.81,90.6
M,1.83,91.35
M,1.53,60.84
M,1.78,86.01
M,1.82,87.59
M,1.79,84.12
M,1.85,93.84
M,1.57,79.41
M,1.75,80.08
M,1.81,94.97
M,1.79,93.3
M,1.65,70.23
M,1.72,89.1
M,1.74,79.91
M,1.79,90.15
M,1.64,68.12
M,1.8,81.29
M,1.74,84.84
M,1.66,64.68
M,1.65,74.22
M,1.77,84.11
M,1.69,76.59
M,1.7,74.96
M,1.74,74.61
M,1.72,84.41
M,1.68,75.07
M,1.78,87.97
M,1.74,87.77
M,1.79,92.73
M,1.9,100.31
M,1.68,78.63
M,1.67,77.69
M,1.69,77.14
M,1.83,92.79
M,1.73,86.36
M,1.76,81.04
M,1.78,86.14
M,1.83,90.52
M,1.75,84.33
M,1.7,75.01
M,1.78,80.5
M,1.83,85.8
M,1.79,93.63
M,1.71,90.57
M,1.86,102.61
M,1.7,79.12
M,1.88,97.65
M,1.75,79.57
M,1.62,76.24
M,1.72,84.15
M,1.72,81.58
M,1.76,86.01
M,1.73,82.67
M,1.74,82.33
M,1.77,88.27
M,1.66,79.11
M,1.68,82.05
M,1.59,74.02
M,1.7,80.61
M,1.77,82.3
M,1.71,80.69
M,1.76,86.65
M,1.77,80.35
M,1.71,72.49
M,1.73,85.34
M,1.79,94.69
M,1.8,87.14
M,1.8,99.91
M,1.73,84.55
M,1.75,89.44
M,1.64,63.59
M,1.74,81.74
M,1.73,79.83
M,1.66,76.12
M,1.72,69.41
M,1.71,73.85
M,1.67,74.22
M,1.71,86.37
M,1.68,86.92
M,1.72,79.47
M,1.75,83.48
M,1.99,103.12
M,1.79,89.98
M,1.78,87.93
M,1.72,80.24
M,1.79,84.07
M,1.72,87.38
M,1.89,94.03
M,1.73,81.26
M,1.92,102.74
M,1.8,84.47
M,1.79,91.96
M,1.93,105.91
M,1.76,87.14
M,1.76,88.44
M,1.76,88.96
M,1.67,71.49
M,1.72,83.85
M,1.73,81.35
M,1.64,71.85
M,1.73,82.75
M,1.84,93.88
M,1.67,73.28
M,1.55,68.18
M,1.73,72.56
M,1.91,101.35
M,1.68,82.76
M,1.68,81.29
M,1.72,81.24
M,1.82,95.58
M,1.75,90.86
M,1.73,84.04
M,1.87,97.54
M,1.74,88.05
M,1.86,93.99
M,1.69,76.7
M,1.76,88.52
M,1.7,83.18
M,1.83,90.75
M,1.72,79.58
M,1.62,69.83
M,1.67,78.24
M,1.87,94.74
M,1.64,73.01
M,1.7,85.71
M,1.8,88.03
M,1.71,76.49
M,1.7,79.39
M,1.64,79.86
M,1.7,76.54
M,1.73,88.24
M,1.87,103.16
M,1.68,80.05
M,1.71,80.4
M,1.67,80.75
M,1.82,95.87
M,1.65,70.63
M,1.72,87.11
M,1.9,97.23
M,1.61,73.97
M,1.65,71.06
M,1.72,74.81
M,1.83,91.58
M,1.76,89.65
M,1.64,80.19
M,1.7,85.28
M,1.69,82.55
M,1.73,79.66
M,1.78,79.86
M,1.79,93.64
M,1.77,89.73
M,1.73,80.33
M,1.7,78.96
M,1.73,79.68
M,1.71,81.77
M,1.88,100.11
M,1.75,82.52
M,1.73,85.11
M,1.75,85.42
M,1.64,74.66
M,1.85,97.99
M,1.81,95.72
M,1.78,86.59
M,1.8,89.93
M,1.76,85.08
M,1.62,71.51
M,1.79,92.72
M,1.61,63.98
M,1.81,94.03
M,1.77,98.88
M,1.69,76.94
M,1.8,86.66
M,1.86,90.47
M,1.73,91.37
M,1.86,97.55
M,1.77,77.98
M,1.64,73.3
M,1.82,95.06
M,1.71,74.15
M,1.71,80.48
M,1.76,90.63
M,1.68,81.53
M,1.74,80.74
M,1.79,82.41
M,1.68,73.93
M,1.73,80.06
M,1.83,101.88
M,1.7,87.9
M,1.71,74.39
M,1.74,86.04
M,1.74,84.39
M,1.78,89.17
M,1.75,88.63
M,1.76,90.19
M,1.84,91.0
M,1.71,80.9
M,1.75,91.71
M,1.77,83.69
M,1.76,87.78
M,1.89,104.39
M,1.71,78.41
M,1.7,77.72
M,1.84,92.02
M,1.73,92.69
M,1.7,76.35
M,1.88,89.57
M,1.54,62.49
M,1.76,90.87
M,1.72,88.08
M,1.77,88.18
M,1.77,94.39
M,1.63,75.51
M,1.64,84.03
M,1.76,89.44
M,1.72,87.95
M,1.79,92.21
M,1.88,94.22
M,1.82,89.72
M,1.7,82.96
M,1.71,79.12
M,1.58,67.81
M,1.82,97.59
M,1.73,81.57
M,1.76,92.17
M,1.8,82.9
M,1.83,98.07
M,1.84,96.94
M,1.64,73.46
M,1.8,96.26
M,1.79,89.72
M,1.68,78.0
M,1.79,92.2
M,1.69,74.7
M,1.78,87.37
M,1.81,94.65
M,1.78,89.9
M,1.72,76.23
M,1.83,95.04
M,1.74,79.82
M,1.77,89.0
M,1.76,88.37
M,1.74,81.05
M,1.74,87.6
M,1.88,98.75
M,1.83,98.4
M,1.73,86.24
M,1.74,82.2
M,1.65,78.67
M,1.91,98.48
M,1.78,90.32
M,1.86,99.88
M,1.86,94.9
M,1.65,78.27
M,1.89,101.89
M,1.75,94.23
M,1.77,86.73
M,1.7,79.8
M,1.87,96.78
M,1.79,82.48
M,1.84,95.55
M,1.76,86.02
M,1.77,92.61
M,1.69,83.67
M,1.74,90.71
M,1.72,77.49
M,1.82,95.95
M,1.91,98.87
M,1.61,72.63
M,1.75,83.87
M,1.8,87.99
M,1.92,113.2
M,1.8,86.83
M,1.77,89.48
M,1.72,82.83
M,1.72,84.22
M,1.79,90.11
M,1.66,78.26
M,1.87,98.83
M,1.82,89.54
M,1.57,67.06
M,1.64,71.67
M,1.59,63.62
M,1.75,86.74
M,1.77,92.63
M,1.71,77.65
M,1.86,91.75
M,1.77,89.8
M,1.8,101.92
M,1.71,85.46
M,1.8,87.08
M,1.78,94.25
M,1.79,88.84
M,1.76,86.38
M,1.65,69.18
M,1.84,93.96
M,1.75,80.65
M,1.69,78.68
M,1.92,104.75
M,1.83,90.19
M,1.69,81.89
M,1.61,72.97
M,1.73,85.62
M,1.76,90.97
M,1.84,92.16
M,1.87,94.42
M,1.67,73.73
M,1.69,72.62
M,1.73,91.21
M,1.86,96.06
M,1.6,67.41
M,1.72,86.78
M,1.89,94.0
M,1.64,78.24
M,1.8,83.29
M,1.71,81.94
M,1.71,77.32
M,1.79,91.35
M,1.74,87.14
M,1.8,96.07
M,1.7,84.25
M,1.79,80.26
M,1.75,91.22
M,1.86,92.18
M,1.81,91.02
M,1.77,82.71
M,1.89,94.97
M,1.72,76.57
M,1.82,85.57
M,1.83,88.57
M,1.72,78.87
M,1.69,74.04
M,1.78,82.24
M,1.94,108.67
M,1.67,75.29
M,1.67,69.37
M,1.82,90.9
M,1.75,89.58
M,1.86,98.6
M,1.75,88.3
M,1.82,92.3
M,1.82,92.72
M,1.54,58.23
M,1.75,82.27
M,1.73,85.65
M,1.8,90.1
M,1.82,90.23
M,1.77,85.0
M,1.82,92.88
M,1.8,88.03
M,1.83,93.4
M,1.68,79.02
M,1.73,83.21
M,1.83,99.06
M,1.71,79.47
M,1.79,93.61
M,1.82,85.9
M,1.81,97.2
M,1.67,79.62
M,1.79,90.88
M,1.8,98.13
M,1.69,72.34
M,1.65,76.09
M,1.77,82.77
M,1.82,96.53
M,1.7,76.83
M,1.75,79.79
M,1.65,79.35
M,1.84,82.24
M,1.84,85.7
M,1.69,80.96
M,1.58,65.6
M,1.72,74.46
M,1.73,79.13
M,1.72,76.86
M,1.94,116.05
M,1.86,101.01
M,1.71,76.14
M,1.77,91.17
M,1.66,77.52
M,1.74,78.46
M,1.79,84.99
M,1.75,83.88
M,1.89,96.64
M,1.78,91.64
M,1.73,76.15
M,1.8,95.62
M,1.77,93.62
M,1.65,71.02
M,1.71,76.93
M,1.88,103.6
M,1.74,78.06
M,1.75,87.27
M,1.74,79.03
M,1.72,81.44
M,1.81,87.51
M,1.79,88.65
M,1.73,85.24
M,1.81,92.8
M,1.76,96.17
M,1.89,95.23
M,1.83,89.22
M,1.85,94.37
M,1.72,79.95
M,1.71,85.91
M,1.79,88.14
M,1.7,80.17
M,1.8,95.13
M,1.67,71.87
M,1.63,77.7
M,1.71,81.78
M,1.81,95.88
M,1.73,86.24
M,1.71,80.9
M,1.66,74.02
M,1.71,70.38
M,1.58,59.34
M,1.71,84.75
M,1.76,88.04
M,1.77,92.93
M,1.74,90.39
M,1.8,87.18
M,1.81,94.26
M,1.68,73.37
M,1.75,86.64
M,1.72,77.59
M,1.78,85.38
M,1.8,91.04
M,1.78,85.51
M,1.68,75.11
M,1.78,81.12
M,1.74,79.32
M,1.76,85.03
M,1.75,91.41
M,1.82,93.62
M,1.74,91.11
M,1.77,102.06
M,1.8,90.43
M,1.7,77.46
M,1.71,79.31
M,1.8,97.43
M,1.69,79.54
M,1.73,84.91
M,1.68,74.22
M,1.67,71.2
M,1.63,72.07
M,1.67,70.29
M,1.77,80.61
M,1.75,89.05
M,1.79,88.07
M,1.86,95.11
M,1.83,88.4
M,1.87,92.53
M,1.86,96.17
M,1.6,70.25
M,1.83,95.08
M,1.8,79.17
M,1.82,93.42
M,1.69,85.92
M,1.61,65.68
M,1.79,84.83
M,1.92,105.28
M,1.73,83.11
M,1.78,86.95
M,1.81,88.32
M,1.82,92.72
M,1.89,94.3
M,1.69,79.07
M,1.72,84.09
M,1.73,76.28
M,1.83,92.5
M,1.69,74.47
M,1.65,82.0
M,1.73,79.24
M,1.78,90.14
M,1.75,75.65
M,1.84,92.05
M,1.79,86.42
M,1.75,78.15
M,1.67,82.1
M,1.54,61.15
M,1.67,76.93
M,1.76,89.98
M,1.79,87.22
M,1.64,73.11
M,1.69,77.05
M,1.8,86.94
M,1.71,78.64
M,1.73,82.63
M,1.7,85.66
M,1.72,80.13
M,1.8,98.65
M,1.66,76.22
M,1.74,80.52
M,1.83,92.72
M,1.77,98.51
M,1.68,77.21
M,1.71,78.93
M,1.8,85.32
M,1.67,78.35
M,1.74,84.55
M,1.77,93.05
M,1.83,93.29
M,1.71,82.04
M,1.77,86.1
M,1.69,79.47
M,1.82,89.23
M,1.75,83.26
M,1.74,92.08
M,1.73,86.44
M,1.71,75.47
M,1.73,87.01
M,1.8,87.77
M,1.79,88.42
M,1.8,96.53
M,1.89,113.37
M,1.64,76.44
M,1.71,78.94
M,1.79,87.79
M,1.82,93.94
M,1.79,93.35
M,1.79,90.42
M,1.73,81.02
M,1.78,85.99
M,1.82,90.81
M,1.72,75.19
M,1.6,68.65
M,1.69,79.37
M,1.67,79.2
M,1.64,75.4
M,1.73,87.99
M,1.77,86.14
M,1.63,67.48
M,1.84,101.29
M,1.77,86.66
M,1.76,78.22
M,1.76,86.88
M,1.76,87.13
M,1.75,80.55
M,1.63,73.76
M,1.71,80.67
M,1.86,97.44
M,1.8,92.72
M,1.89,102.29
M,1.73,86.3
M,1.77,94.31
M,1.7,80.42
M,1.72,87.42
M,1.8,98.98
M,1.8,87.09
M,1.89,99.7
M,1.76,83.34
M,1.79,83.27
M,1.72,83.32
M,1.83,97.91
M,1.72,80.53
M,1.74,79.83
M,1.74,90.87
M,1.72,82.54
M,1.87,97.77
M,1.71,77.63
M,1.87,97.08
M,1.68,77.13
M,1.83,90.12
M,1.81,93.26
M,1.79,89.82
M,1.67,74.83
M,1.82,91.73
M,1.8,91.59
M,1.77,85.58
M,1.78,90.14
M,1.79,78.9
M,1.69,83.2
M,1.67,83.38
M,1.74,77.51
M,1.73,83.81
M,1.73,76.76
M,1.68,89.65
M,1.63,67.79
M,1.74,79.07
M,1.83,90.75
M,1.8,88.12
M,1.84,93.78
M,1.78,89.55
M,1.83,98.3
M,1.83,99.85
M,1.77,79.82
M,1.75,86.01
M,1.63,69.85
M,1.76,85.46
M,1.64,78.16
M,1.81,95.45
M,1.74,79.54
M,1.71,71.63
M,1.76,91.76
M,1.68,79.91
M,1.72,80.94
M,1.72,79.04
M,1.68,75.6
M,1.79,89.02
M,1.73,87.46
M,1.79,90.7
M,1.82,98.0
M,1.81,95.21
M,1.65,74.5
M,1.68,78.63
M,1.82,91.96
M,1.73,81.62
M,1.77,82.43
M,1.85,91.27
M,1.74,78.26
M,1.77,83.59
M,1.66,76.0
M,1.74,79.76
M,1.68,71.84
M,1.83,90.46
M,1.72,79.09
M,1.82,95.96
M,1.8,89.28
M,1.84,100.18
M,1.8,94.16
M,1.78,100.02
M,1.81,95.27
M,1.92,102.72
M,1.81,90.38
M,1.69,72.77
M,1.8,92.07
M,1.79,88.69
M,1.74,83.3
M,1.62,67.08
M,1.74,83.78
M,1.7,84.86
M,1.68,74.27
M,1.77,91.13
M,1.66,77.2
M,1.7,84.49
M,1.81,92.05
M,1.76,92.06
M,1.74,88.96
M,1.76,81.87
M,1.75,85.56
M,1.74,85.15
M,1.64,72.06
M,1.7,77.61
M,1.75,84.26
M,1.62,71.6
M,1.7,68.58
M,1.77,88.56
M,1.8,85.58
M,1.85,99.2
M,1.88,93.44
M,1.78,86.14
M,1.81,96.27
M,1.74,77.95
M,1.71,81.33
M,1.82,96.18
M,1.74,89.66
M,1.69,79.26
M,1.85,88.72
M,1.86,93.48
M,1.82,90.25
M,1.94,111.69
M,1.8,96.72
M,1.83,104.43
M,1.83,96.54
M,1.73,87.29
M,1.72,78.11
M,1.56,61.48
M,1.74,88.5
M,1.81,97.51
M,1.81,93.92
M,1.82,89.86
M,1.83,94.28
M,1.78,83.11
M,1.73,84.2
M,1.69,74.89
M,1.71,72.58
M,1.77,85.3
M,1.71,79.1
M,1.66,76.31
M,1.56,61.64
M,1.86,99.8
M,1.63,77.02
M,1.76,87.67
M,1.78,88.64
M,1.6,71.41
M,1.71,77.17
M,1.96,105.53
M,1.76,80.55
M,1.8,84.01
M,1.72,83.92
M,1.75,83.47
M,1.9,102.18
M,1.66,67.19
M,1.71,73.86
M,1.67,79.57
M,1.71,78.04
M,1.77,82.52
M,1.81,87.52
M,1.81,88.87
M,1.65,74.37
M,1.81,92.43
M,1.7,80.97
M,1.62,63.7
M,1.8,88.02
M,1.73,82.66
M,1.74,81.23
M,1.52,51.21
M,1.73,85.63
M,1.73,77.72
M,1.9,100.45
M,1.73,90.44
M,1.65,72.17
M,1.79,94.87
M,1.89,103.59
M,1.58,69.98
M,1.69,74.55
M,1.78,88.77
M,1.8,83.33
M,1.93,109.15
M,1.81,93.06
M,1.76,89.45
M,1.72,80.34
M,1.76,78.17
M,1.86,99.19
M,1.68,75.84
M,1.82,95.85
M,1.7,78.04
M,1.74,82.69
M,1.79,88.31
M,1.77,87.15
M,1.71,77.88
M,1.75,86.56
M,1.75,93.3
M,1.72,80.56
M,1.68,69.54
M,1.71,79.25
M,1.72,89.95
M,1.69,85.91
M,1.8,90.56
M,1.83,92.24
M,1.71,81.76
M,1.77,89.38
M,1.72,85.44
M,1.6,72.91
M,1.79,84.88
M,1.88,103.91
M,1.68,75.78
M,1.78,82.91
M,1.71,82.77
M,1.73,83.1
M,1.91,103.39
M,1.66,74.61
M,1.81,97.52
M,1.83,92.51
M,1.71,75.54
M,1.61,69.2
M,1.83,95.31
M,1.66,78.55
M,1.62,68.55
M,1.69,82.89
M,1.84,98.24
M,1.7,89.72
M,1.76,87.34
M,1.65,79.26
M,1.75,85.82
M,1.7,85.27
M,1.78,87.48
M,1.7,84.81
M,1.76,88.65
M,1.79,83.88
M,1.65,68.3
M,1.73,85.47
M,1.68,87.81
M,1.8,91.92
M,1.78,84.61
M,1.72,85.49
M,1.74,89.63
M,1.84,99.73
M,2.0,122.46
M,1.7,80.03
M,1.69,75.41
M,1.7,72.64
M,1.87,103.39
M,1.65,70.19
M,1.71,75.84
M,1.72,77.24
M,1.76,80.62
M,1.76,80.9
M,1.65,68.49
M,1.72,79.58
M,1.83,88.45
M,1.78,92.07
M,1.72,69.22
M,1.7,85.55
M,1.85,96.84
M,1.79,88.35
M,1.75,80.61
M,1.87,98.69
M,1.76,90.18
M,1.76,83.14
M,1.81,98.97
M,1.83,94.14
M,1.72,78.97
M,1.72,82.64
M,1.8,97.28
M,1.73,76.94
M,1.74,86.85
M,1.8,91.07
M,1.71,79.25
M,1.69,76.82
M,1.68,77.82
M,1.69,76.4
M,1.74,81.16
M,1.62,71.76
M,1.68,76.93
M,1.67,76.09
M,1.75,85.7
M,1.86,96.55
M,1.65,66.84
M,1.78,97.17
M,1.77,88.91
M,1.79,90.49
M,1.72,83.25
M,1.82,96.09
M,1.8,79.61
M,1.7,82.34
M,1.72,77.01
M,1.72,88.43
M,1.69,84.76
M,1.78,93.85
M,1.86,99.52
M,1.67,70.25
M,1.79,81.86
M,1.72,84.96
M,1.96,114.55
M,1.83,94.99
M,1.66,80.94
M,1.67,76.3
M,1.92,109.4
M,1.76,88.46
M,1.77,93.09
M,1.75,80.55
M,1.75,94.59
M,1.74,83.56
M,1.78,83.98
M,1.72,76.77
M,1.81,88.11
M,1.72,75.36
M,1.78,85.84
M,1.79,89.77
M,1.75,86.49
M,1.88,95.81
M,1.76,87.41
M,1.84,93.03
M,1.76,81.81
M,1.63,73.17
M,1.58,73.72
M,1.68,71.06
M,1.63,61.31
M,1.83,95.54
M,1.78,92.04
M,1.67,76.39
M,1.91,103.23
M,1.86,101.18
M,1.69,79.32
M,1.7,87.72
M,1.72,85.32
M,1.62,69.32
M,1.78,85.82
M,1.76,78.91
M,1.81,92.75
M,1.73,82.64
M,1.89,95.56
M,1.84,94.37
M,1.85,91.51
M,1.82,94.71
M,1.75,86.15
M,1.71,80.45
M,1.7,81.19
M,1.78,75.88
M,1.63,79.68
M,1.77,88.77
M,1.62,70.29
M,1.69,84.08
M,1.83,91.45
M,1.76,96.03
M,1.71,75.41
M,1.73,85.72
M,1.83,90.91
M,1.78,87.55
M,1.81,93.23
M,1.8,91.55
M,1.76,89.0
M,1.78,87.44
M,1.7,79.36
M,1.79,91.23
M,1.68,75.47
M,1.7,80.42
M,1.73,78.05
M,1.73,81.06
M,1.71,83.34
M,1.68,76.61
M,1.94,104.26
M,1.75,85.05
M,1.84,89.19
M,1.72,92.15
M,1.69,82.47
M,1.79,84.26
M,1.81,86.43
M,1.81,94.31
M,1.71,82.15
M,1.76,91.02
M,1.79,85.63
M,1.71,67.84
M,1.8,93.16
M,1.76,97.34
M,1.86,98.29
M,1.86,101.34
M,1.76,84.86
M,1.82,100.56
M,1.71,76.57
M,1.71,81.27
M,1.74,82.59
M,1.81,94.5
M,1.72,94.2
M,1.71,78.57
M,1.77,96.18
M,1.74,85.23
M,1.69,72.0
M,1.73,84.26
M,1.87,90.98
M,1.86,101.09
M,1.84,94.64
M,1.71,87.81
M,1.77,92.61
M,1.65,73.96
M,1.73,89.44
M,1.75,93.77
M,1.77,89.67
M,1.75,79.14
M,1.75,79.75
M,1.69,80.11
M,1.76,88.37
M,1.81,95.1
M,1.78,85.19
M,1.83,99.47
M,1.75,79.94
M,1.69,74.4
M,1.72,80.27
M,1.61,70.82
M,1.71,80.33
M,1.79,86.79
M,1.74,83.58
M,1.7,77.13
M,1.76,79.02
M,1.52,64.16
M,1.72,72.61
M,1.71,87.89
M,1.76,98.3
M,1.71,85.99
M,1.7,82.4
M,1.81,93.38
M,1.74,84.73
M,1.61,69.0
M,1.83,89.98
M,1.77,84.27
M,1.63,75.61
M,1.81,87.42
M,1.77,91.24
M,1.77,85.62
M,1.83,85.1
M,1.82,92.65
M,1.7,86.35
M,1.73,89.28
M,1.7,79.58
M,1.66,80.78
M,1.75,81.2
M,1.8,92.2
M,1.73,79.07
M,1.76,93.77
M,1.73,82.22
M,1.61,75.18
M,1.71,79.87
M,1.67,72.79
M,1.82,92.18
M,1.64,75.11
M,1.82,92.36
M,1.66,78.49
M,1.85,98.0
M,1.78,84.34
M,1.66,73.71
M,1.71,81.09
M,1.64,75.64
M,1.76,78.89
M,1.71,82.56
M,1.82,96.56
M,1.68,79.34
M,1.72,84.63
M,1.65,74.98
M,1.85,93.8
M,1.69,78.44
M,1.7,83.04
M,1.76,83.55
M,1.75,83.19
M,1.66,79.16
M,1.64,68.32
M,1.75,83.39
M,1.59,69.88
M,1.72,84.53
M,1.71,81.67
M,1.65,70.89
M,1.77,76.99
M,1.9,107.21
M,1.71,77.02
M,1.79,85.63
M,1.63,72.29
M,1.88,96.45
M,1.65,75.23
M,1.81,85.82
M,1.81,83.9
M,1.7,86.43
M,1.76,82.48
M,1.74,82.23
M,1.84,100.32
M,1.73,84.7
M,1.8,86.78
M,1.73,83.27
M,1.79,96.64
M,1.75,83.33
M,1.73,84.5
M,1.8,90.88
M,1.78,90.27
M,1.57,66.12
M,1.75,81.08
M,1.63,71.68
M,1.76,87.36
M,1.86,97.86
M,1.86,94.92
M,1.68,79.0
M,1.82,89.99
M,1.74,84.95
M,1.69,75.58
M,1.78,87.42
M,1.78,86.55
M,1.86,95.24
M,1.63,79.41
M,1.72,82.62
M,1.82,91.69
M,1.75,87.37
M,1.72,79.94
M,1.61,73.03
M,1.69,86.68
M,1.74,85.11
M,1.72,71.82
M,1.6,64.97
M,1.71,84.67
M,1.62,75.6
M,1.88,98.8
M,1.81,90.15
M,1.78,93.59
M,1.76,85.04
M,1.58,63.13
M,1.81,94.94
M,1.8,90.49
M,1.61,70.97
M,1.69,81.32
M,1.7,77.02
M,1.84,86.31
M,1.61,64.0
M,1.8,83.93
M,1.63,71.35
M,1.68,80.35
M,1.7,76.65
M,1.8,93.14
M,1.68,77.56
M,1.82,91.74
M,1.72,83.63
M,1.71,82.03
M,1.72,73.53
M,1.65,74.87
M,1.74,84.96
M,1.72,81.05
M,1.95,103.06
M,1.67,74.04
M,1.78,84.05
M,1.73,84.42
M,1.76,85.2
M,1.81,87.49
M,1.55,69.63
M,1.77,89.47
M,1.93,104.93
M,1.66,66.22
M,1.71,90.21
M,1.78,92.32
M,1.68,73.49
M,1.72,86.95
M,1.92,106.65
M,1.56,61.46
M,1.5,61.86
M,1.68,84.39
M,1.8,89.82
M,1.76,87.3
M,1.7,82.79
M,1.86,102.19
M,1.78,85.05
M,1.65,62.89
M,1.73,80.02
M,1.64,71.54
M,1.8,87.25
M,1.59,69.62
M,1.66,69.36
M,1.85,91.91
M,1.67,77.47
M,1.78,93.54
M,1.64,60.56
M,1.67,79.15
M,1.64,69.52
M,1.7,78.77
M,1.77,89.01
M,1.65,67.63
M,1.7,82.4
M,1.82,86.64
M,1.73,87.24
M,1.8,91.64
M,1.64,72.93
M,1.75,79.1
M,1.7,78.84
M,1.7,80.73
M,1.77,90.67
M,1.74,81.96
M,1.78,85.85
M,1.58,67.78
M,1.78,83.92
M,1.61,63.23
M,1.86,90.66
M,1.81,90.28
M,1.78,82.93
M,1.69,70.65
M,1.79,89.73
M,1.73,87.61
M,1.75,80.87
M,1.8,87.9
M,1.74,80.85
M,1.81,83.69
M,1.88,94.91
M,1.76,81.17
M,1.8,93.55
M,1.81,93.38
M,1.81,90.89
M,1.78,88.14
M,1.68,75.27
M,1.89,91.6
M,1.83,93.54
M,1.85,94.0
M,1.76,82.24
M,1.84,100.64
M,1.66,72.66
M,1.72,79.38
M,1.78,87.48
M,1.79,96.95
M,1.67,81.51
M,1.69,70.13
M,1.89,98.21
M,1.61,73.58
M,1.77,84.84
M,1.92,103.09
M,1.73,84.11
M,1.8,94.14
M,1.73,83.91
M,1.83,97.83
M,1.7,71.88
M,1.76,88.22
M,1.73,82.96
M,1.73,88.95
M,1.75,81.81
M,1.79,84.11
M,1.65,77.39
M,1.85,93.11
M,1.74,82.76
M,1.75,90.74
M,1.9,100.39
M,1.6,54.08
M,1.63,77.03
M,1.75,82.47
M,1.7,80.86
M,1.64,80.15
M,1.77,87.87
M,1.7,70.18
M,1.71,76.01
M,1.77,90.12
M,1.7,90.26
M,1.72,79.45
M,1.8,89.04
M,1.8,86.7
M,1.69,78.56
M,1.68,78.35
M,1.86,95.43
M,1.76,83.43
M,1.74,78.87
M,1.81,94.03
M,1.85,94.19
M,1.76,84.99
M,1.7,86.34
M,1.75,90.13
M,1.85,100.2
M,1.79,91.65
M,1.75,82.34
M,1.78,90.98
M,1.75,86.55
M,1.68,73.91
M,1.74,80.34
M,1.73,81.76
M,1.88,105.34
M,1.75,90.16
M,1.86,94.44
M,1.78,84.24
M,1.88,95.3
M,1.71,89.32
M,1.68,73.85
M,1.75,92.65
M,1.72,78.21
M,1.74,94.93
M,1.8,91.36
M,1.79,91.4
M,1.75,76.08
M,1.73,86.55
M,1.73,81.3
M,1.83,92.25
M,1.79,89.04
M,1.74,85.25
M,1.74,76.36
M,1.69,77.41
M,1.56,65.66
M,1.6,62.66
M,1.64,67.54
M,1.85,92.61
M,1.77,93.16
M,1.67,76.7
M,1.69,79.18
M,1.58,65.56
M,1.76,88.22
M,1.85,104.63
M,1.79,87.78
M,1.83,90.43
M,1.75,80.9
M,1.68,76.03
M,1.64,68.01
M,1.73,74.8
M,1.74,87.29
M,1.65,79.08
M,1.81,93.98
M,1.85,88.93
M,1.65,69.9
M,1.77,82.29
M,1.82,92.28
M,1.77,88.24
M,1.75,89.54
M,1.74,87.36
M,1.88,96.28
M,1.71,85.73
M,1.84,98.5
M,1.75,83.74
M,1.74,88.75
M,1.73,77.01
M,1.55,55.64
M,1.76,75.19
M,1.8,90.13
M,1.82,82.58
M,1.73,77.32
M,1.64,71.32
M,1.68,80.1
M,1.7,74.85
M,1.58,74.41
M,1.77,80.1
M,1.76,80.45
M,1.66,66.37
M,1.75,85.39
M,1.64,73.62
M,1.79,92.04
M,1.61,66.29
M,1.67,77.23
M,1.63,74.79
M,1.82,85.53
M,1.85,92.44
M,1.67,72.66
M,1.79,87.06
M,1.65,80.3
M,1.68,73.33
M,1.67,83.22
M,1.71,71.72
M,1.68,73.71
M,1.53,57.36
M,1.74,77.63
M,1.69,82.32
M,1.7,84.04
M,1.69,74.82
M,1.71,78.7
M,1.75,82.89
M,1.76,88.15
M,1.81,94.5
M,1.78,89.24
M,1.73,89.71
M,1.72,86.86
M,1.79,78.94
M,1.89,97.62
M,1.7,84.85
M,1.71,88.23
M,1.75,87.74
M,1.76,85.23
M,1.66,80.87
M,1.81,79.08
M,1.71,80.05
M,1.84,96.77
M,1.83,87.46
M,1.81,88.18
M,1.75,78.59
M,1.79,85.59
M,1.66,65.05
M,1.59,62.29
M,1.73,83.2
M,1.67,82.95
M,1.75,86.87
M,1.8,89.83
M,1.71,78.84
M,1.66,76.03
M,1.81,94.85
M,1.83,92.79
M,1.79,90.7
M,1.78,87.24
M,1.83,91.13
M,1.77,91.42
M,1.78,85.12
M,1.76,83.66
M,1.73,87.01
M,1.84,88.1
M,1.78,94.24
M,1.86,99.19
M,1.77,90.77
M,1.85,101.33
M,1.73,83.52
M,1.78,95.24
M,1.74,89.09
M,1.64,72.65
M,1.64,72.21
M,1.76,86.0
M,1.76,90.38
M,1.77,82.24
M,1.7,81.04
M,1.79,85.79
M,1.72,82.16
M,1.75,81.19
M,1.72,78.56
M,1.69,87.87
M,1.78,88.4
M,1.76,86.15
M,1.77,85.41
M,1.74,85.62
M,1.65,70.37
M,1.71,78.0
M,1.64,70.05
M,1.75,86.7
M,1.75,82.64
M,1.66,79.78
M,1.67,76.05
M,1.71,70.84
M,1.64,66.65
M,1.68,70.98
M,1.8,87.87
M,1.79,97.74
M,1.72,81.38
M,1.83,92.19
M,1.9,105.33
M,1.88,94.21
M,1.78,83.58
M,1.74,78.25
M,1.66,71.15
M,1.7,84.3
M,1.67,79.49
M,1.88,98.59
M,1.73,87.87
M,1.81,81.39
M,1.75,79.48
M,1.66,77.47
M,1.69,80.21
M,1.82,93.39
M,1.72,77.88
M,1.78,84.23
M,1.95,96.03
M,1.61,75.28
M,1.6,78.03
M,1.7,71.83
M,1.75,82.45
M,1.78,98.07
M,1.78,80.13
M,1.73,84.45
M,1.65,79.24
M,1.64,61.64
M,1.73,86.6
M,1.67,74.42
M,1.82,94.44
M,1.69,78.9
M,1.73,83.83
M,1.85,99.14
M,1.73,79.38
M,1.74,84.8
M,1.66,72.54
M,1.81,93.3
M,1.88,99.36
M,1.66,74.94
M,1.85,89.2
M,1.8,85.87
M,1.66,77.09
M,1.76,82.94
M,1.91,103.16
M,1.82,92.54
M,1.86,97.22
M,1.66,80.93
M,1.72,80.82
M,1.72,81.3
M,1.69,83.08
M,1.85,94.72
M,1.78,87.12
M,1.84,96.92
M,1.75,79.63
M,1.76,83.06
M,1.57,69.3
M,1.72,82.89
M,1.66,77.66
M,1.78,84.18
M,1.84,92.81
M,1.8,86.57
M,1.72,88.34
M,1.85,91.7
M,1.72,82.71
M,1.74,85.3
M,1.68,77.87
M,1.73,78.45
M,1.82,95.72
M,1.82,91.08
M,1.8,95.27
M,1.67,79.67
M,1.79,84.64
M,1.81,93.51
M,1.77,84.67
M,1.66,79.63
M,1.74,86.67
M,1.83,95.92
M,1.61,64.49
M,1.8,93.37
M,1.66,74.0
M,1.65,68.89
M,1.64,64.74
M,1.77,84.57
M,1.71,77.11
M,1.6,74.61
M,1.78,81.78
M,1.81,87.57
M,1.7,80.02
M,1.62,72.6
M,1.71,81.83
M,1.65,84.07
M,1.82,93.06
M,1.83,93.54
M,1.83,95.34
M,1.85,97.84
M,1.77,82.36
M,1.63,73.43
M,1.78,89.66
M,1.74,81.45
M,1.72,84.42
M,1.84,87.24
M,1.7,81.28
M,1.92,107.76
M,1.62,69.24
M,1.75,89.05
M,1.65,78.25
M,1.83,91.77
M,1.7,87.91
M,1.78,84.78
M,1.7,81.52
M,1.67,76.03
M,1.87,105.56
M,1.72,77.89
M,1.66,81.64
M,1.67,74.2
M,1.82,86.63
M,1.86,93.2
M,1.62,66.84
M,1.73,90.53
M,1.88,99.96
M,1.77,93.57
M,1.81,94.9
M,1.86,103.67
M,1.83,93.16
M,1.62,76.13
M,1.83,87.77
M,1.79,85.48
M,1.79,97.51
M,1.82,89.99
M,1.73,80.81
M,1.75,85.99
M,1.68,81.73
M,1.65,68.01
M,1.73,82.05
M,1.66,77.15
M,1.74,81.11
M,1.73,82.26
M,1.76,88.14
M,1.78,92.19
M,1.84,99.38
M,1.76,82.51
M,1.74,84.35
M,1.81,91.48
M,1.75,79.58
M,1.84,85.45
M,1.81,98.59
M,1.78,95.97
M,1.79,89.38
M,1.74,84.69
M,1.56,63.5
M,1.74,85.07
M,1.86,93.15
M,1.69,81.29
M,1.78,94.57
M,1.84,96.05
M,1.87,103.62
M,1.73,77.47
M,1.73,84.46
M,1.87,104.02
M,1.69,80.23
M,1.88,109.29
M,1.72,78.32
M,1.62,70.46
M,1.69,77.28
M,1.76,88.33
M,1.77,86.22
M,1.89,103.02
M,1.73,79.66
M,1.76,84.83
M,1.7,83.03
M,1.8,88.42
M,1.7,75.88
M,1.85,94.61
M,1.68,77.09
M,1.72,74.54
M,1.78,88.89
M,1.8,93.27
M,1.83,96.18
M,1.75,87.92
M,1.7,74.9
M,1.77,86.11
M,1.74,85.78
M,1.72,77.08
M,1.92,101.66
M,1.82,95.71
M,1.73,84.15
M,1.84,94.48
M,1.72,75.45
M,1.77,79.07
M,1.83,98.06
M,1.76,85.21
M,1.8,91.05
M,1.79,82.35
M,1.72,85.89
M,1.86,92.31
M,1.91,99.12
M,1.83,93.09
M,1.68,80.05
M,1.56,70.96
M,1.82,90.64
M,1.58,67.54
M,1.72,84.64
M,1.77,91.39
M,1.59,68.34
M,1.81,89.57
M,1.71,85.14
M,1.72,87.18
M,1.75,79.51
M,1.74,91.53
M,1.7,92.3
M,1.7,84.98
M,1.71,79.1
M,1.74,81.55
M,1.81,89.82
M,1.86,95.5
M,1.76,76.88
M,1.81,99.94
M,1.67,77.74
M,1.84,94.52
M,1.7,80.77
M,1.8,87.24
M,1.77,85.74
M,1.67,80.83
M,1.79,83.68
M,1.81,89.76
M,1.77,83.84
M,1.71,79.77
M,1.65,63.73
M,1.75,85.08
M,1.79,83.66
M,1.79,86.54
M,1.72,80.3
M,1.77,84.49
M,1.61,72.79
M,1.69,74.41
M,1.8,87.04
M,1.71,82.27
M,1.78,102.42
M,1.76,89.01
M,1.74,84.83
M,1.81,89.18
M,1.91,99.38
M,1.73,79.03
M,1.69,71.99
M,1.79,84.35
M,1.7,72.46
M,1.71,81.14
M,1.84,91.25
M,1.83,79.45
M,1.79,86.09
M,1.74,86.34
M,1.73,87.34
M,1.61,61.99
M,1.61,73.29
M,1.76,88.59
M,1.75,88.26
M,1.8,80.99
M,1.78,88.96
M,1.75,81.36
M,1.75,85.1
M,1.83,92.85
M,1.73,88.27
M,1.81,89.21
M,1.85,90.95
M,1.74,84.56
M,1.79,90.88
M,1.79,95.12
M,1.55,57.07
M,1.79,92.79
M,1.72,87.25
M,1.83,101.88
M,1.78,90.13
M,1.66,73.81
M,1.76,84.97
M,1.78,85.62
M,1.75,90.99
M,1.75,88.12
M,1.66,85.42
M,1.78,79.85
M,1.88,99.11
M,1.86,101.23
M,1.75,81.86
M,1.76,86.82
M,1.82,95.48
M,1.75,89.07
M,1.76,93.47
M,1.64,75.95
M,1.76,85.06
M,1.82,92.11
M,1.81,93.23
M,1.75,84.69
M,1.79,94.14
M,1.81,91.45
M,1.82,92.03
M,1.62,69.8
M,1.72,73.71
M,1.8,87.53
M,1.73,84.5
M,1.73,81.3
M,1.68,72.12
M,1.64,80.38
M,1.64,73.31
M,1.71,72.01
M,1.83,83.77
M,1.73,75.88
M,1.76,84.77
M,1.82,88.99
M,1.72,78.33
M,1.73,93.39
M,1.75,87.13
M,1.59,63.19
M,1.62,76.69
M,1.81,85.81
M,1.78,91.44
M,1.78,88.04
M,1.73,76.27
M,1.8,84.35
M,1.8,93.66
M,1.78,84.41
M,1.54,63.57
M,1.82,90.69
M,1.8,89.47
M,1.8,94.15
M,1.78,82.94
M,1.83,98.0
M,1.72,76.08
M,1.72,81.67
M,1.82,86.36
M,1.84,89.13
M,1.78,85.54
M,1.85,98.53
M,1.78,89.43
M,1.74,80.15
M,1.58,65.52
M,1.76,99.29
M,1.82,92.46
M,1.83,93.41
M,1.84,92.7
M,1.72,80.88
M,1.77,90.77
M,1.73,78.82
M,1.82,92.07
M,1.66,66.18
M,1.64,75.35
M,1.74,90.85
M,1.91,100.78
M,1.79,98.72
M,1.8,88.55
M,1.71,80.81
M,1.7,84.53
M,1.84,92.69
M,1.72,77.89
M,1.82,90.77
M,1.54,69.1
M,1.73,82.3
M,1.74,79.84
M,1.72,84.24
M,1.83,93.74
M,1.76,85.0
M,1.76,90.82
M,1.7,81.93
M,1.72,85.17
M,1.87,93.2
M,1.78,90.33
M,1.73,85.24
M,1.9,113.54
M,1.67,83.52
M,1.72,84.89
M,1.53,60.3
M,1.79,87.88
M,1.65,75.22
M,1.68,81.9
M,1.75,87.0
M,1.7,84.27
M,1.76,94.88
M,1.77,83.31
M,1.73,92.18
M,1.8,86.64
M,1.72,86.62
M,1.67,77.21
M,1.79,88.53
M,1.74,89.23
M,1.71,75.27
M,1.61,71.44
M,1.77,91.38
M,1.76,85.38
M,1.77,83.49
M,1.73,74.25
M,1.83,93.95
M,1.85,95.76
M,1.87,93.73
M,1.7,77.8
M,1.66,75.58
M,1.62,71.4
M,1.72,86.14
M,1.72,82.89
M,1.68,74.71
M,1.76,91.14
M,1.67,79.06
M,1.73,88.2
M,1.91,96.16
M,1.72,84.95
M,1.72,79.65
M,1.68,73.76
M,1.64,73.89
M,1.76,81.88
M,1.72,83.92
M,1.71,77.34
M,1.76,86.29
M,1.84,94.94
M,1.71,82.84
M,1.77,89.12
M,1.82,97.92
M,1.65,76.84
M,1.52,66.65
M,1.81,87.35
M,1.75,91.96
M,1.86,95.91
M,1.74,82.07
M,1.88,95.27
M,1.71,79.21
M,1.73,85.82
M,1.76,85.34
M,1.74,69.61
M,1.69,81.23
M,1.75,84.38
M,1.7,80.77
M,1.65,74.52
M,1.81,96.43
M,1.74,79.22
M,1.77,89.1
M,1.87,98.36
M,1.75,83.27
M,1.74,88.5
M,1.72,75.43
M,1.67,81.18
M,1.64,71.17
M,1.78,87.05
M,1.81,90.0
M,1.8,83.09
M,1.65,71.94
M,1.76,84.63
M,1.78,89.87
M,1.73,83.76
M,1.75,75.41
M,1.79,86.04
M,1.76,90.42
M,1.77,86.86
M,1.71,82.35
M,1.63,75.6
M,1.69,87.09
M,1.78,90.78
M,1.69,77.43
M,1.56,61.99
M,1.73,88.07
M,1.75,99.02
M,1.77,88.84
M,1.77,82.4
M,1.75,82.01
M,1.79,93.23
M,1.75,83.19
M,1.73,83.46
M,1.78,87.08
M,1.83,87.9
M,1.81,91.04
M,1.74,80.92
M,1.68,74.29
M,1.75,93.9
M,1.74,84.16
M,1.83,97.02
M,1.66,78.23
M,1.79,95.61
M,1.82,95.15
M,1.8,97.64
M,1.77,87.07
M,1.76,90.81
M,1.83,90.6
M,1.67,86.89
M,1.67,76.07
M,1.79,92.92
M,1.65,75.92
M,1.78,97.07
M,1.62,66.76
M,1.69,80.81
M,1.88,109.25
M,1.75,95.76
M,1.77,89.13
M,1.71,77.33
M,1.89,96.93
M,1.78,81.75
M,1.74,81.61
M,1.72,80.87
M,1.79,91.35
M,1.78,86.36
M,1.76,86.98
M,1.8,88.08
M,1.62,72.4
M,1.79,91.53
M,1.76,84.22
M,1.73,82.7
M,1.7,80.56
M,1.69,81.8
M,1.77,83.37
M,1.69,71.54
M,1.79,93.11
M,1.63,74.38
M,1.65,65.56
M,1.73,80.69
M,1.82,94.2
M,1.74,83.69
M,1.8,85.6
M,1.8,87.75
M,1.82,94.66
M,1.66,73.61
M,1.73,87.75
M,1.78,82.74
M,1.69,75.47
M,1.84,92.07
M,1.8,88.31
M,1.73,77.7
M,1.81,91.29
M,1.74,87.24
M,1.76,88.2
M,1.77,90.49
M,1.74,84.42
M,1.68,81.99
M,1.78,96.83
M,1.83,91.58
M,1.78,86.05
M,1.65,71.49
M,1.73,80.28
M,1.77,93.92
M,1.86,94.74
M,1.61,71.11
M,1.58,58.64
M,1.83,91.66
M,1.88,100.81
M,1.78,98.4
M,1.83,91.57
M,1.72,79.45
M,1.72,84.39
M,1.81,85.71
M,1.85,99.35
M,1.76,87.51
M,1.71,85.37
M,1.71,81.68
M,1.61,68.42
M,1.65,79.34
M,1.76,87.53
M,1.75,84.72
M,1.75,85.31
M,1.75,78.19
M,1.71,88.52
M,1.66,69.07
M,1.76,78.99
M,1.64,71.21
M,1.74,87.1
M,1.7,82.55
M,1.7,76.16
M,1.7,86.09
M,1.79,88.09
M,1.66,79.9
M,1.7,72.26
M,1.69,78.71
M,1.82,93.24
M,1.62,73.95
M,1.56,67.07
M,1.8,91.67
M,1.69,75.7
M,1.75,76.44
M,1.71,85.62
M,1.81,96.08
M,1.82,92.48
M,1.86,98.16
M,1.62,73.39
M,1.8,88.45
M,1.78,92.29
M,1.71,77.73
M,1.76,84.87
M,1.74,86.08
M,1.8,90.93
M,1.69,71.43
M,1.72,78.76
M,1.73,83.24
M,1.76,87.64
M,1.77,85.65
M,1.68,79.83
M,1.84,99.39
M,1.81,86.17
M,1.81,89.84
M,1.64,74.87
M,1.77,84.54
M,1.77,85.14
M,1.7,71.42
M,1.77,84.24
M,1.66,71.68
M,1.63,62.63
M,1.73,82.28
M,1.77,80.46
M,1.73,86.9
M,1.71,82.96
M,1.82,87.6
M,1.82,82.23
M,1.74,80.97
M,1.74,84.96
M,1.71,87.52
M,1.76,85.92
M,1.83,88.39
M,1.81,89.34
M,1.76,79.55
M,1.75,89.02
M,1.7,84.87
M,1.83,90.28
M,1.76,93.44
M,1.72,83.55
M,1.64,72.15
M,1.75,81.96
M,1.76,87.43
M,1.6,73.79
M,1.77,89.64
M,1.78,88.51
M,1.64,66.11
M,1.93,112.21
M,1.68,75.3
M,1.73,81.38
M,1.82,90.59
M,1.71,90.06
M,1.78,88.99
M,1.84,93.62
M,1.79,86.34
M,1.63,74.68
M,1.73,86.0
M,1.71,81.45
M,1.77,85.71
M,1.69,81.43
M,1.76,92.8
M,1.78,86.56
M,1.59,69.8
M,1.8,95.33
M,1.65,76.48
M,1.76,93.71
M,1.87,96.05
M,1.72,80.45
M,1.81,87.5
M,1.72,80.79
M,1.72,72.16
M,1.73,77.35
M,1.85,93.28
M,1.77,83.13
M,1.73,85.36
M,1.74,87.27
M,1.71,84.39
M,1.79,83.69
M,1.87,95.83
M,1.59,66.08
M,1.66,73.17
M,1.84,95.78
M,1.74,82.35
M,1.71,73.69
M,1.55,63.42
M,1.86,96.27
M,1.65,71.52
M,1.82,100.13
M,1.79,84.1
M,1.71,82.51
M,1.73,82.86
M,1.78,95.93
M,1.79,89.48
M,1.72,82.83
M,1.84,92.27
M,1.78,87.65
M,1.8,96.21
M,1.76,84.53
M,1.66,84.49
M,1.78,78.94
M,1.76,81.97
M,1.72,83.15
M,1.84,90.29
M,1.8,89.15
M,1.99,115.16
M,1.69,71.16
M,1.75,89.61
M,1.72,79.95
M,1.83,92.82
M,1.72,80.64
M,1.81,90.98
M,1.67,77.21
M,1.71,83.96
M,1.69,77.8
M,1.76,79.9
M,1.65,70.93
M,1.71,76.4
M,1.77,92.18
M,1.86,100.79
M,1.68,74.19
M,1.77,81.86
M,1.82,85.74
M,1.85,100.09
M,1.87,103.54
M,1.7,74.06
M,1.81,88.03
M,1.81,95.37
M,1.73,82.11
M,1.64,70.7
M,1.9,96.76
M,1.72,73.91
M,1.76,84.33
M,1.8,89.22
M,1.75,86.88
M,1.75,78.16
M,1.74,86.53
M,1.7,79.0
M,1.77,88.32
M,1.75,87.16
M,1.82,89.13
M,1.88,97.22
M,1.69,79.26
M,1.57,63.86
M,1.7,75.56
M,1.6,71.81
M,1.83,92.01
M,1.9,95.78
M,1.79,84.25
M,1.66,81.41
M,1.84,90.95
M,1.71,74.65
M,1.54,56.07
M,1.62,69.19
M,1.61,72.86
M,1.83,94.07
M,1.78,91.1
M,1.74,87.96
M,1.68,76.33
M,1.68,78.35
M,1.78,82.86
M,1.71,84.05
M,1.76,89.12
M,1.67,76.6
M,1.74,83.27
M,1.8,89.84
M,1.72,80.4
M,1.69,78.5
M,1.67,84.33
M,1.77,82.81
M,1.73,77.98
M,1.77,83.63
M,1.75,78.85
M,1.77,92.28
M,1.72,77.16
M,1.76,82.35
M,1.77,81.72
M,1.77,88.85
M,1.81,87.47
M,1.66,72.06
M,1.71,85.82
M,1.77,87.05
M,1.74,85.2
M,1.78,85.69
M,1.73,90.72
M,1.74,85.14
M,1.66,73.36
M,1.77,84.22
M,1.83,96.05
M,1.84,84.45
M,1.75,83.61
M,1.77,93.37
M,1.71,81.15
M,1.8,88.17
M,1.65,80.61
M,1.84,90.34
M,1.67,67.3
M,1.83,92.09
M,1.61,71.11
M,1.83,95.0
M,1.73,87.33
M,1.72,79.95
M,1.7,75.66
M,1.62,66.16
M,1.76,85.06
M,1.78,91.57
M,1.69,73.28
M,1.72,76.68
M,1.69,83.33
M,1.81,89.75
M,1.81,95.78
M,1.76,88.96
M,1.8,90.63
M,1.73,81.15
M,1.74,77.34
M,1.58,68.36
M,1.66,76.34
M,1.81,83.61
M,1.75,89.99
M,1.68,80.09
M,1.8,93.33
M,1.65,75.63
M,1.73,89.57
M,1.59,75.34
M,1.63,71.0
M,1.76,81.0
M,1.68,84.96
M,1.78,82.96
M,1.8,83.34
M,1.77,80.96
M,1.75,88.64
M,1.72,85.13
M,1.75,86.49
M,1.75,79.1
M,1.72,78.88
M,1.71,80.33
M,1.83,85.81
M,1.68,81.78
M,1.71,84.16
M,1.82,93.4
M,1.66,78.38
M,1.73,84.67
M,1.87,101.28
M,1.72,82.67
M,1.71,85.47
M,1.82,96.64
M,1.78,90.71
M,1.72,82.45
M,1.81,87.58
M,1.73,83.7
M,1.76,89.52
M,1.78,89.19
M,1.77,83.48
M,1.77,80.28
M,1.66,86.15
M,1.73,81.02
M,1.7,78.23
M,1.82,91.12
M,1.71,79.22
M,1.81,91.06
M,1.77,82.52
M,1.7,77.24
M,1.78,84.73
M,1.79,90.88
M,1.73,76.17
M,1.77,86.95
M,1.79,83.77
M,1.77,83.84
M,1.72,75.54
M,1.83,94.16
M,1.91,104.77
M,1.74,82.32
M,1.82,87.74
M,1.74,80.44
M,1.77,86.3
M,1.83,103.51
M,1.78,87.53
M,1.83,92.1
M,1.64,78.73
M,1.72,75.83
M,1.71,74.78
M,1.77,84.78
M,1.73,83.57
M,1.68,79.97
M,1.85,87.58
M,1.73,91.06
M,1.7,82.5
M,1.81,91.37
M,1.77,81.54
M,1.88,103.34
M,1.81,95.56
M,1.62,70.04
M,1.66,73.94
M,1.71,88.84
M,1.63,69.29
M,1.84,90.14
M,1.71,75.96
M,1.69,80.41
M,1.76,90.04
M,1.84,85.77
M,1.78,88.86
M,1.82,97.42
M,1.81,93.35
M,1.69,77.14
M,1.86,99.22
M,1.82,94.86
M,1.74,78.14
M,1.9,107.76
M,1.6,74.64
M,1.8,86.43
M,1.75,82.44
M,1.7,77.78
M,1.77,86.22
M,1.87,100.93
M,1.66,83.65
M,1.74,86.81
M,1.76,84.21
M,1.79,95.34
M,1.87,91.82
M,1.71,65.44
M,1.84,84.92
M,1.83,98.66
M,1.75,82.96
M,1.69,79.46
M,1.8,82.55
M,1.79,92.19
M,1.77,85.39
M,1.7,74.63
M,1.67,69.42
M,1.8,99.7
M,1.8,84.32
M,1.74,86.91
M,1.77,89.23
M,1.71,83.25
M,1.7,80.26
M,1.7,80.43
M,1.81,85.26
M,1.58,66.24
M,1.76,82.92
M,1.78,78.83
M,1.8,88.17
M,1.69,78.72
M,1.65,68.69
M,1.77,89.85
M,1.68,91.68
M,1.86,93.24
M,1.75,84.03
M,1.82,89.52
M,1.71,76.62
M,1.78,91.47
M,1.86,91.76
M,1.92,104.52
M,1.81,97.19
M,1.73,87.16
M,1.7,82.02
M,1.77,84.63
M,1.66,77.99
M,1.81,92.18
M,1.82,92.33
M,1.66,73.01
M,1.77,84.87
M,1.88,99.66
M,1.67,79.27
M,1.85,95.14
M,1.78,93.7
M,1.68,81.01
M,1.67,75.52
M,1.55,67.98
M,1.87,97.16
M,1.82,96.93
M,1.88,92.7
M,1.81,94.35
M,1.75,93.82
M,1.67,73.06
M,1.82,90.85
M,1.69,76.11
M,1.7,83.51
M,1.82,93.33
M,1.64,78.88
M,1.77,80.11
M,1.6,72.19
M,1.73,78.59
M,1.75,88.5
M,1.82,96.66
M,1.75,83.75
M,1.8,93.15
M,1.68,86.76
M,1.8,94.01
M,1.68,76.77
M,1.69,79.4
M,1.64,74.43
M,1.74,90.48
M,1.75,80.83
M,1.83,87.76
M,1.83,95.66
M,1.73,83.75
M,1.78,94.37
M,1.84,97.65
M,1.79,89.74
M,1.77,89.36
M,1.77,86.25
M,1.71,77.06
M,1.68,74.06
M,1.68,76.32
M,1.82,86.34
M,1.94,96.94
M,1.61,71.97
M,1.75,80.65
M,1.85,95.48
M,1.7,79.42
M,1.75,84.75
M,1.71,74.48
M,1.75,84.38
M,1.81,88.97
M,1.7,79.08
M,1.7,80.24
M,1.88,102.03
M,1.75,96.68
M,1.77,88.55
M,1.64,77.74
M,1.61,69.91
M,1.68,81.54
M,1.75,90.62
M,1.65,69.69
M,1.77,83.97
M,1.66,77.62
M,1.65,73.35
M,1.68,84.36
M,1.84,101.94
M,1.61,70.5
M,1.73,84.15
M,1.75,86.79
M,1.75,77.97
M,1.65,80.25
M,1.81,88.18
M,1.84,103.76
M,1.76,79.58
M,1.73,92.02
M,1.72,80.12
M,1.82,96.65
M,1.76,80.37
M,1.76,96.12
M,1.8,88.8
M,1.74,87.03
M,1.75,75.93
M,1.85,95.35
M,1.78,96.92
M,1.72,77.67
M,1.77,96.04
M,1.72,85.55
M,1.7,84.82
M,1.74,87.32
M,1.73,87.75
M,1.68,80.87
M,1.81,80.7
M,1.76,76.5
M,1.72,82.65
M,1.77,89.77
M,1.69,85.83
M,1.83,95.57
M,1.75,89.18
M,1.76,82.61
M,1.77,78.42
M,1.78,88.09
M,1.89,103.28
M,1.69,74.49
M,1.78,86.55
M,1.65,75.95
M,1.68,84.23
M,1.77,82.2
M,1.83,96.21
M,1.77,82.17
M,1.83,87.03
M,1.84,93.76
M,1.84,89.96
M,1.68,75.04
M,1.71,79.09
M,1.89,106.5
M,1.78,84.71
M,1.79,89.15
M,1.86,101.76
M,1.72,77.31
M,1.68,76.18
M,1.71,86.52
M,1.58,59.99
M,1.75,86.28
M,1.72,78.3
M,1.73,80.57
M,1.83,96.67
M,1.95,114.04
M,1.71,85.71
M,1.7,82.66
M,1.82,98.6
M,1.72,78.74
M,1.65,75.34
M,1.76,95.47
M,1.78,90.1
M,1.67,72.25
M,1.68,79.84
M,1.68,75.16
M,1.77,82.17
M,1.74,83.08
M,1.7,74.79
M,1.74,83.19
M,1.7,75.49
M,1.62,72.08
M,1.77,89.44
M,1.84,93.24
M,1.81,90.46
M,1.68,81.3
M,1.73,82.91
M,1.76,90.87
M,1.72,79.07
M,1.83,98.91
M,1.81,92.0
M,1.87,101.89
M,1.78,79.68
M,1.83,98.75
M,1.75,80.89
M,1.76,93.12
M,1.66,71.98
M,1.76,93.81
M,1.72,92.28
M,1.72,83.22
M,1.71,75.47
M,1.79,82.57
M,1.75,77.41
M,1.81,91.87
M,1.7,85.17
M,1.66,71.26
M,1.79,87.45
M,1.73,82.38
M,1.8,94.9
M,1.63,76.56
M,1.66,78.87
M,1.73,75.53
M,1.78,83.36
M,1.86,101.93
M,1.87,99.07
M,1.82,96.94
M,1.87,94.51
M,1.89,96.7
M,1.77,88.44
M,1.81,87.71
M,1.75,84.59
M,1.7,79.93
M,1.79,97.19
M,1.7,69.49
M,1.72,76.44
M,1.76,79.31
M,1.7,78.52
M,1.76,85.96
M,1.71,84.91
M,1.71,81.22
M,1.73,82.32
M,1.75,87.28
M,1.81,89.13
M,1.77,81.84
M,1.82,95.97
M,1.65,73.54
M,1.75,87.62
M,1.69,83.8
M,1.64,74.23
M,1.72,84.59
M,1.77,91.56
M,1.69,82.91
M,1.75,83.12
M,1.75,91.73
M,1.68,76.37
M,1.79,96.36
M,1.79,89.89
M,1.62,69.97
M,1.79,83.63
M,1.84,101.97
M,1.84,91.1
M,1.6,65.66
M,1.7,78.44
M,1.99,111.46
M,1.74,88.12
M,1.65,67.73
M,1.82,93.88
M,1.72,86.34
M,1.81,94.29
M,1.78,91.14
M,1.87,100.11
M,1.61,72.25
M,1.69,82.52
M,1.78,84.3
M,1.82,90.11
M,1.83,95.42
M,1.72,81.68
M,1.79,87.31
M,1.81,91.58
M,1.72,80.44
M,1.9,102.97
M,1.72,91.82
M,1.71,76.0
M,1.86,98.62
M,1.63,79.32
M,1.85,96.32
M,1.74,90.64
M,1.79,92.49
M,1.75,70.45
M,1.78,87.4
M,1.77,90.57
M,1.8,93.26
M,1.66,78.84
M,1.7,85.34
M,1.78,90.58
M,1.75,87.26
M,1.63,69.45
M,1.8,89.03
M,1.61,76.63
M,1.76,97.33
M,1.75,80.29
M,1.76,82.59
M,1.75,80.39
M,1.73,80.09
M,1.86,91.73
M,1.77,91.27
M,1.88,95.37
M,1.83,99.01
M,1.75,84.31
M,1.82,94.28
M,1.76,88.59
M,1.59,70.05
M,1.6,63.45
M,1.72,89.77
M,1.85,96.03
M,1.68,83.11
M,1.69,82.9
M,1.67,80.44
M,1.71,72.37
M,1.62,71.12
M,1.75,74.71
M,1.72,80.56
M,1.94,107.11
M,1.8,89.46
M,1.78,88.99
M,1.77,90.88
M,1.87,97.59
M,1.82,94.66
M,1.67,84.75
M,1.69,81.02
M,1.81,95.34
M,1.69,70.65
M,1.82,92.36
M,1.86,94.2
M,1.74,91.56
M,1.84,96.04
M,1.88,102.2
M,1.84,79.45
M,1.77,83.53
M,1.57,64.52
M,1.69,77.89
M,1.68,87.06
M,1.78,81.0
M,1.77,85.43
M,1.79,93.7
M,1.78,91.34
M,1.81,91.84
M,1.64,72.68
M,1.59,67.17
M,1.71,79.57
M,1.85,101.74
M,1.74,82.63
M,1.65,72.05
M,1.62,67.54
M,1.83,92.55
M,1.78,97.02
M,1.78,86.55
M,1.85,96.81
M,1.75,87.57
M,1.77,90.26
M,1.8,92.47
M,1.8,93.3
M,1.78,83.38
M,1.76,92.24
M,1.75,92.64
M,1.9,101.74
M,1.77,85.63
M,1.83,94.18
M,1.82,93.86
M,1.84,87.05
M,1.8,92.83
M,1.75,87.48
M,1.71,89.6
M,1.82,90.67
M,1.75,85.03
M,1.68,75.57
M,1.76,82.73
M,1.66,72.55
M,1.62,70.75
M,1.66,70.89
M,1.75,77.91
M,1.68,75.92
M,1.76,94.79
M,1.72,83.97
M,1.75,78.44
M,1.82,91.86
M,1.64,77.06
M,1.81,92.25
M,1.71,79.67
M,1.65,73.79
M,1.67,80.89
M,1.62,67.73
M,1.75,78.84
M,1.87,95.08
M,1.78,86.58
M,1.62,66.86
M,1.7,87.03
M,1.76,88.2
M,1.76,90.24
M,1.71,81.32
M,1.64,76.66
M,1.62,64.56
M,1.8,96.5
M,1.81,89.09
M,1.7,77.89
M,1.59,63.52
M,1.79,91.29
M,1.69,78.96
M,1.93,104.0
M,1.82,96.55
M,1.75,88.37
M,1.81,101.76
M,1.81,95.27
M,1.73,86.9
M,1.77,79.02
M,1.95,112.99
M,1.7,82.67
M,1.69,73.29
M,1.68,77.47
M,1.73,77.8
M,1.82,87.26
M,1.71,80.84
M,1.74,85.54
M,1.66,86.18
M,1.94,110.34
M,1.78,97.14
M,1.56,61.9
M,1.76,90.14
M,1.62,70.39
M,1.7,79.64
M,1.75,87.28
M,1.75,84.5
M,1.7,83.32
M,1.72,86.05
M,1.75,83.05
M,1.67,66.31
M,1.71,82.99
M,1.73,92.84
M,1.72,79.81
M,1.82,89.14
M,1.7,82.8
M,1.74,83.8
M,1.76,83.51
M,1.73,80.98
M,1.79,82.18
M,1.76,90.64
M,1.64,75.8
M,1.77,93.71
M,1.79,90.23
M,1.73,86.11
M,1.7,83.12
M,1.69,75.05
M,1.78,84.95
M,1.88,100.84
M,1.75,78.59
M,1.75,85.72
M,1.88,96.91
M,1.76,87.87
M,1.75,79.11
M,1.79,92.16
M,1.88,92.72
M,1.8,90.18
M,1.83,92.24
M,1.61,66.88
M,1.73,82.39
M,1.74,86.35
M,1.74,85.43
M,1.69,78.25
M,1.58,63.71
M,1.85,100.59
M,1.75,78.36
M,1.75,89.03
M,1.68,74.14
M,1.8,91.33
M,1.87,90.21
M,1.85,91.16
M,1.78,89.33
M,1.71,84.79
M,1.65,71.22
M,1.77,82.19
M,1.83,85.81
M,1.85,95.28
M,1.78,89.23
M,1.87,98.71
M,1.67,76.96
M,1.71,83.55
M,1.68,82.51
M,1.75,79.18
M,1.88,104.13
M,1.76,87.47
M,1.79,90.67
M,1.73,77.77
M,1.8,86.49
M,1.81,89.54
M,1.72,83.31
M,1.79,87.69
M,1.75,82.28
M,1.66,74.62
M,1.77,87.75
M,1.69,78.16
M,1.73,88.44
M,1.86,92.11
M,1.56,58.38
M,1.75,80.31
M,1.77,81.49
M,1.83,92.52
M,1.74,80.77
M,1.84,91.09
M,1.74,84.16
M,1.75,88.12
M,1.8,90.56
M,1.86,100.44
M,1.68,85.36
M,1.71,78.53
M,1.87,91.26
M,1.77,86.86
M,1.66,75.22
M,1.75,92.35
M,1.88,96.23
M,1.71,71.86
M,1.77,92.88
M,1.67,71.75
M,1.76,82.4
M,1.64,78.39
M,1.67,76.19
M,1.68,72.42
M,1.68,77.87
M,1.81,94.81
M,1.67,73.79
M,1.83,96.7
M,1.71,83.78
M,1.75,79.93
M,1.69,75.46
M,1.86,91.35
M,1.74,86.64
M,1.82,88.46
M,1.81,96.15
M,1.7,76.15
M,1.81,97.59
M,1.67,77.37
M,1.71,88.66
M,1.67,73.98
M,1.86,101.54
M,1.65,74.85
M,1.65,70.88
M,1.83,90.7
M,1.7,79.92
M,1.69,81.21
M,1.75,80.22
M,1.83,93.71
M,1.89,97.63
M,1.82,90.4
M,1.67,78.2
M,1.75,87.13
M,1.64,66.84
M,1.8,83.52
M,1.71,78.49
M,1.75,78.63
M,1.8,82.11
M,1.62,73.59
M,1.77,83.36
M,1.77,93.73
M,1.65,75.88
M,1.81,95.4
M,1.85,96.52
M,1.69,76.75
M,1.76,77.74
M,1.62,74.6
M,1.83,96.13
M,1.8,94.57
M,1.75,79.89
M,1.91,99.28
M,1.69,80.54
M,1.86,88.42
M,1.67,79.63
M,1.74,79.18
M,1.76,84.46
M,1.72,78.88
M,1.75,85.45
M,1.74,90.67
M,1.8,86.0
M,1.8,93.75
M,1.76,85.57
M,1.9,112.87
M,1.73,83.34
M,1.79,89.09
M,1.71,76.44
M,1.65,80.87
M,1.79,89.06
M,1.79,89.04
M,1.84,90.23
M,1.78,93.19
M,1.91,108.56
M,1.65,77.13
M,1.76,86.82
M,1.72,84.97
M,1.82,97.65
M,1.83,92.74
M,1.87,103.08
M,1.66,82.27
M,1.86,90.72
M,1.87,89.63
M,1.64,78.92
M,1.68,82.54
M,1.67,80.58
M,1.74,81.27
M,1.7,82.99
M,1.74,83.59
M,1.81,104.16
M,1.81,90.62
M,1.74,83.07
M,1.84,92.88
M,1.77,84.68
M,1.69,76.22
M,1.72,81.71
M,1.79,85.46
M,1.71,75.88
M,1.82,87.74
M,1.68,82.87
M,1.73,86.29
M,1.72,82.37
M,1.65,83.35
M,1.77,84.56
M,1.67,77.43
M,1.8,97.55
M,1.81,88.66
M,1.88,101.43
M,1.82,97.72
M,1.67,76.4
M,1.75,89.06
M,1.73,83.31
M,1.65,74.54
M,1.87,101.42
M,1.76,79.96
M,1.75,82.0
M,1.72,76.45
M,1.7,79.3
M,1.76,85.31
M,1.78,90.44
M,1.66,78.56
M,1.64,74.13
M,1.9,103.98
M,1.71,75.44
M,1.77,93.74
M,1.86,97.98
M,1.78,87.33
M,1.83,82.21
M,1.82,94.21
M,1.73,86.39
M,1.75,85.62
M,1.75,90.55
M,1.77,88.69
M,1.68,75.32
M,1.63,74.71
M,1.8,92.52
M,1.78,84.93
M,1.72,76.85
M,1.7,79.73
M,1.82,94.32
M,1.82,89.78
M,1.71,87.35
M,1.66,73.94
M,1.76,92.97
M,1.69,76.12
M,1.72,78.64
M,1.86,93.45
M,1.75,84.1
M,1.87,90.49
M,1.77,89.51
M,1.67,74.51
M,1.91,93.67
M,1.66,81.87
M,1.78,90.29
M,1.83,88.71
M,1.8,87.43
M,1.84,102.34
M,1.53,69.77
M,1.81,87.54
M,1.74,74.11
M,1.79,85.05
M,1.78,99.72
M,1.7,79.44
M,1.69,79.39
M,1.67,73.71
M,1.66,76.83
M,1.74,88.42
M,1.76,79.75
M,1.87,99.13
M,1.72,83.99
M,1.77,90.82
M,1.74,87.24
M,1.75,84.52
M,1.74,84.53
M,1.78,83.52
M,1.67,71.12
M,1.68,74.31
M,1.72,80.58
M,1.74,82.62
M,1.85,97.72
M,1.75,77.75
M,1.88,95.42
M,1.8,84.49
M,1.78,88.17
M,1.76,79.08
M,1.79,88.89
M,1.61,75.16
M,1.8,87.92
M,1.76,88.27
M,1.81,92.36
M,1.82,87.34
M,1.65,69.31
M,1.67,80.87
M,1.73,80.76
M,1.71,81.25
M,1.64,75.05
M,1.82,92.99
M,1.82,92.33
M,1.73,77.13
M,1.62,73.94
M,1.72,80.25
M,1.74,80.25
M,1.81,94.25
M,1.76,89.56
M,1.68,68.05
M,1.7,81.83
M,1.82,92.36
M,1.69,80.47
M,1.71,79.78
M,1.75,88.15
M,1.89,102.91
M,1.79,93.57
M,1.79,88.56
M,1.74,89.36
M,1.65,69.9
M,1.77,84.29
M,1.82,93.59
M,1.78,81.38
M,1.73,88.17
M,1.7,80.53
M,1.79,88.89
M,1.72,81.33
M,1.68,78.15
M,1.58,63.57
M,1.7,85.15
M,1.69,75.29
M,1.78,85.27
M,1.75,83.05
M,1.8,92.75
M,1.81,95.98
M,1.8,81.36
M,1.83,97.38
M,1.63,66.53
M,1.71,80.81
M,1.79,89.76
M,1.81,92.85
M,1.78,90.47
M,1.62,73.03
M,1.76,81.51
M,1.74,89.41
M,1.68,75.35
M,1.7,82.93
M,1.82,93.81
M,1.84,94.0
M,1.65,78.22
M,1.81,95.77
M,1.67,73.7
M,1.72,77.07
M,1.84,90.17
M,1.75,82.0
M,1.67,71.53
M,1.62,75.91
M,1.7,80.36
M,1.82,89.19
M,1.74,83.58
M,1.72,82.86
M,1.75,79.4
M,1.64,74.02
M,1.7,80.65
M,1.85,104.77
M,1.67,75.73
M,1.6,64.36
M,1.95,109.1
M,1.73,78.44
M,1.66,68.17
M,1.81,94.37
M,1.71,84.59
M,1.74,77.3
M,1.7,79.06
M,1.64,72.54
M,1.72,81.7
M,1.84,92.81
M,1.71,82.49
M,1.82,95.92
M,1.68,82.06
M,1.9,100.91
M,1.61,71.09
M,1.7,74.15
M,1.72,76.67
M,1.68,78.37
M,1.7,88.1
M,1.81,91.93
M,1.73,74.89
M,1.86,102.17
M,1.95,109.07
M,1.59,69.27
M,1.76,92.21
M,1.91,100.13
M,1.6,63.73
M,1.94,105.76
M,1.69,76.9
M,1.62,66.33
M,1.76,86.8
M,1.8,83.39
M,1.71,91.12
M,1.85,93.78
M,1.81,81.53
M,1.72,86.32
M,1.83,103.08
M,1.66,72.91
M,1.76,94.29
M,1.74,76.05
M,1.9,99.11
M,1.83,95.0
M,1.76,96.29
M,1.64,67.96
M,1.76,90.5
M,1.69,84.79
M,1.8,82.12
M,1.85,86.59
M,1.82,90.1
M,1.54,68.43
M,1.71,80.29
M,1.73,84.65
M,1.76,87.56
M,1.72,76.51
M,1.76,93.23
M,1.72,78.26
M,1.95,115.3
M,1.79,81.7
M,1.77,80.04
M,1.67,68.57
M,1.76,85.99
M,1.73,75.67
M,1.73,74.22
M,1.79,88.1
M,1.72,77.96
M,1.82,85.9
M,1.84,94.1
M,1.68,83.43
M,1.73,85.94
M,1.81,83.67
M,1.78,83.92
M,1.67,72.12
M,1.58,65.65
M,1.74,85.74
M,1.75,88.11
M,1.62,73.34
M,1.85,93.31
M,1.82,90.11
M,1.76,84.2
M,1.74,82.05
M,1.88,98.48
M,1.71,77.68
M,1.85,102.31
M,1.61,72.0
M,1.82,94.11
M,1.72,91.22
M,1.81,100.21
M,1.69,83.69
M,1.9,100.71
M,1.79,84.63
M,1.71,81.98
M,1.83,88.47
M,1.75,86.28
M,1.75,86.34
M,1.76,81.75
M,1.69,78.14
M,1.8,90.28
M,1.78,89.11
M,1.77,81.04
M,1.64,73.32
M,1.85,92.63
M,1.8,91.09
M,1.6,69.82
M,1.68,78.92
M,1.76,83.75
M,1.78,86.48
M,1.77,82.87
M,1.72,77.47
M,1.71,79.19
M,1.8,82.61
M,1.85,100.58
M,1.58,68.36
M,1.6,64.48
M,1.78,91.49
M,1.75,92.72
M,1.78,85.96
M,1.69,78.99
M,1.77,88.98
M,1.62,74.6
M,1.68,72.22
M,1.79,92.66
M,1.86,93.48
M,1.7,71.0
M,1.81,90.56
M,1.75,73.61
M,1.94,108.72
M,1.74,88.62
M,1.55,66.8
M,1.82,91.93
M,1.65,77.34
M,1.7,71.72
M,1.9,104.05
M,1.64,70.27
M,1.72,81.48
M,1.74,85.4
M,1.74,87.89
M,1.77,86.5
M,1.71,89.12
M,1.73,78.43
M,1.71,77.84
M,1.75,87.0
M,1.82,92.2
M,1.87,101.36
M,1.77,84.47
M,1.69,87.01
M,1.68,70.12
M,1.7,82.83
M,1.94,104.68
M,1.76,83.68
M,1.77,90.94
M,1.87,100.98
M,1.75,78.51
M,1.79,90.03
M,1.65,69.53
M,1.65,76.54
M,1.78,84.67
M,1.72,81.6
M,1.74,90.53
M,1.72,75.99
M,1.74,84.84
M,1.73,83.84
M,1.7,76.86
M,1.65,75.73
M,1.68,80.17
M,1.75,88.92
M,1.77,85.38
M,1.57,67.69
M,1.7,75.78
M,1.65,73.09
M,1.76,85.63
M,1.67,73.57
M,1.75,89.98
M,1.73,84.78
M,1.84,95.42
M,1.81,86.09
M,1.79,95.03
M,1.77,81.71
M,1.79,87.58
M,1.71,73.27
M,1.75,83.52
M,1.76,81.77
M,1.72,85.85
M,1.87,98.41
M,1.83,94.14
M,1.83,96.25
M,1.76,85.97
M,1.81,85.8
M,1.71,85.25
M,1.61,77.0
M,1.82,94.5
M,1.89,98.71
M,1.74,76.14
M,1.73,77.88
M,1.6,59.78
M,1.74,86.25
M,1.82,95.22
M,1.76,81.97
M,1.8,88.11
M,1.8,87.48
M,1.85,93.81
M,1.75,82.74
M,1.77,88.93
M,1.8,89.82
M,1.66,73.65
M,1.7,73.34
M,1.83,98.6
M,1.76,79.32
M,1.88,98.51
M,1.76,82.38
M,1.74,82.27
M,1.87,94.36
M,1.82,90.24
M,1.73,83.76
M,1.69,64.26
M,1.75,81.44
M,1.83,90.32
M,1.81,90.33
M,1.7,79.0
M,1.66,70.08
M,1.67,75.09
M,1.66,73.61
M,1.74,83.32
M,1.63,66.69
M,1.71,81.33
M,1.81,90.66
M,1.76,92.0
M,1.78,80.13
M,1.69,79.37
M,1.83,95.58
M,1.77,85.15
M,1.73,87.35
M,1.61,72.39
M,1.83,98.37
M,1.67,84.37
M,1.88,97.97
M,1.76,82.98
M,1.82,88.34
M,1.75,82.86
M,1.74,79.39
M,1.78,94.08
M,1.67,79.79
M,1.68,79.94
M,1.72,83.78
M,1.73,88.93
M,1.84,95.16
M,1.74,86.23
M,1.7,82.88
M,1.79,89.51
M,1.71,78.41
M,1.85,94.12
M,1.69,77.77
M,1.63,65.95
M,1.77,90.18
M,1.75,89.52
M,1.81,88.69
M,1.82,98.68
M,1.75,87.32
M,1.65,74.38
M,1.77,88.91
M,1.73,82.18
M,1.85,95.9
M,1.79,89.52
M,1.74,86.08
M,1.67,81.87
M,1.81,93.68
M,1.84,101.57
M,1.71,79.59
M,1.78,92.53
M,1.85,98.04
M,1.76,91.45
M,1.77,89.65
M,1.76,90.24
M,1.77,89.18
M,1.58,72.41
M,1.81,90.96
M,1.78,90.34
M,1.73,83.5
M,1.78,84.03
M,1.76,92.09
M,1.73,80.88
M,1.57,62.44
M,1.7,84.76
M,1.65,72.16
M,1.74,88.98
M,1.68,75.71
M,1.72,85.01
M,1.7,76.52
M,1.64,83.65
M,1.74,84.81
M,1.72,80.94
M,1.92,101.41
M,1.66,77.53
M,1.79,89.86
M,1.71,80.85
M,1.96,109.78
M,1.72,84.41
M,1.79,89.25
M,1.72,69.35
M,1.72,76.8
M,1.73,82.61
M,1.73,84.85
M,1.79,92.85
M,1.85,105.58
M,1.64,80.26
M,1.64,71.74
M,1.76,84.21
M,1.73,83.38
M,1.75,93.59
M,1.83,95.69
M,1.69,70.8
M,1.71,81.21
M,1.75,89.24
M,1.71,87.47
M,1.78,81.36
M,1.78,95.06
M,1.74,91.52
M,1.8,87.45
M,1.8,86.52
M,1.72,81.11
M,1.82,99.97
M,1.85,90.3
M,1.81,93.08
M,1.85,90.63
M,1.67,76.05
M,1.74,84.34
M,1.74,93.67
M,1.71,80.31
M,1.82,96.15
M,1.67,79.91
M,1.69,88.63
M,1.79,80.28
M,1.71,77.59
M,1.79,93.31
M,1.83,94.41
M,1.79,89.37
M,1.78,88.31
M,1.8,93.53
M,1.61,71.13
M,1.72,76.86
M,1.7,76.62
M,1.66,79.57
M,1.66,80.56
M,1.74,84.75
M,1.8,82.68
M,1.68,71.03
M,1.63,77.04
M,1.67,78.87
M,1.67,78.08
M,1.79,100.26
M,1.75,86.25
M,1.75,86.66
M,1.62,73.36
M,1.73,80.17
M,1.83,97.31
M,1.85,97.3
M,1.72,76.57
M,1.72,79.66
M,1.73,92.08
M,1.77,92.25
M,1.71,87.14
M,1.81,82.63
M,1.86,102.15
M,1.52,53.43
M,1.79,97.95
M,1.65,67.71
M,1.75,85.39
M,1.77,90.63
M,1.7,73.84
M,1.84,102.84
M,1.74,84.68
M,1.68,68.03
M,1.75,85.79
M,1.76,83.6
M,1.77,94.54
M,1.71,78.07
M,1.87,96.38
M,1.74,88.04
M,1.69,76.77
M,1.76,90.97
M,1.75,78.03
M,1.8,95.02
M,1.79,98.2
M,1.67,71.41
M,1.68,76.31
M,1.75,88.29
M,1.85,100.28
M,1.75,91.62
M,1.72,78.63
M,1.72,83.48
M,1.63,72.88
M,1.7,83.38
M,1.73,83.46
M,1.7,81.39
M,1.82,82.85
M,1.77,86.09
M,1.77,90.57
M,1.69,69.56
M,1.73,86.41
M,1.82,96.39
M,1.72,84.54
M,1.69,74.96
M,1.72,78.88
M,1.79,81.95
M,1.57,65.05
M,1.74,82.53
M,1.71,81.37
M,1.77,90.59
M,1.71,81.11
M,1.71,82.04
M,1.74,88.52
M,1.73,81.98
M,1.81,95.55
M,1.78,83.47
M,1.7,79.53
M,1.79,89.5
M,1.77,85.5
M,1.65,83.39
M,1.87,105.09
M,1.76,88.53
M,1.72,78.96
M,1.83,96.75
M,1.75,85.18
M,1.8,94.91
M,1.64,73.66
M,1.75,79.99
M,1.71,80.99
M,1.94,109.62
M,1.72,82.12
M,1.6,70.21
M,1.73,79.48
M,1.81,87.12
M,1.74,79.57
M,1.69,75.0
M,1.72,84.84
M,1.78,92.32
M,1.72,80.29
M,1.81,90.37
M,1.72,78.84
M,1.75,83.68
M,1.77,89.06
M,1.82,86.02
M,1.72,90.48
M,1.68,75.34
M,1.75,84.54
M,1.72,81.55
M,1.81,95.99
M,1.91,109.06
M,1.73,79.32
M,1.69,79.87
M,1.74,86.24
M,1.69,76.96
M,1.84,96.72
M,1.65,69.04
M,1.7,70.54
M,1.65,69.45
M,1.61,70.15
M,1.66,79.33
M,1.7,72.65
M,1.7,88.45
M,1.65,71.46
M,1.71,83.91
M,1.7,81.02
M,1.73,79.33
M,1.7,80.07
M,1.77,94.47
M,1.73,84.15
M,1.73,82.41
M,1.82,97.54
M,1.75,76.12
M,1.77,91.99
M,1.74,81.8
M,1.74,80.12
M,1.86,104.12
M,1.73,88.84
M,1.73,83.04
M,1.81,89.07
M,1.81,87.39
M,1.7,76.28
M,1.73,80.81
M,1.76,91.92
M,1.76,79.8
M,1.65,74.24
M,1.78,86.2
M,1.78,87.34
M,1.74,82.71
M,1.73,75.34
M,1.8,91.98
M,1.72,81.37
M,1.65,79.04
M,1.75,86.14
M,1.76,84.77
M,1.81,95.81
M,1.68,79.69
M,1.71,89.18
M,1.69,82.35
M,1.71,77.84
M,1.73,78.26
M,1.89,99.26
M,1.63,71.57
M,1.74,87.07
M,1.84,96.6
M,1.84,100.86
M,1.63,71.7
M,1.82,91.99
M,1.77,80.73
M,1.73,83.47
M,1.77,81.52
M,1.79,83.63
M,1.7,86.32
M,1.64,69.68
M,1.79,91.83
M,1.75,87.01
M,1.8,82.92
M,1.79,84.72
M,1.72,77.66
M,1.87,95.78
M,1.68,81.69
M,1.65,85.92
M,1.78,79.46
M,1.48,55.03
M,1.84,91.59
M,1.71,74.95
M,1.7,75.11
M,1.72,84.78
M,1.73,81.16
M,1.74,76.9
M,1.83,93.21
M,1.7,79.79
M,1.84,92.28
M,1.6,63.11
M,1.69,86.11
M,1.85,100.93
M,1.89,102.3
M,1.76,76.91
M,1.84,91.47
M,1.78,87.08
M,1.83,85.7
M,1.78,82.1
M,1.81,97.65
M,1.71,76.44
M,1.71,84.5
M,1.85,86.33
M,1.71,74.89
M,1.56,66.4
M,1.75,81.56
M,1.66,68.77
M,1.67,72.62
M,1.77,84.52
M,1.7,75.58
M,1.71,87.68
M,1.9,97.29
M,1.86,85.67
M,1.66,77.14
M,1.7,82.86
M,1.78,87.97
M,1.79,89.98
M,1.8,92.69
M,1.69,74.25
M,1.76,84.04
M,1.6,61.52
M,1.7,82.8
M,1.8,96.82
M,1.69,78.02
M,1.73,88.47
M,1.78,82.53
M,1.76,94.77
M,1.79,87.1
M,1.8,92.64
M,1.89,96.76
M,1.83,90.48
M,1.68,79.69
M,1.67,87.49
M,1.71,87.15
M,1.8,95.46
M,1.85,97.23
M,1.73,81.22
M,1.72,82.65
M,1.69,84.5
M,1.67,82.13
M,1.66,75.09
M,1.78,83.38
M,1.69,76.23
M,1.71,83.38
M,1.75,90.09
M,1.69,78.99
M,1.65,72.78
M,1.84,102.5
M,1.79,92.42
M,1.73,83.17
M,1.72,81.17
M,1.81,96.36
M,1.77,87.89
M,1.71,84.98
M,1.8,85.59
M,1.84,102.23
M,1.77,92.2
M,1.68,79.93
M,1.78,86.33
M,1.81,90.18
M,1.58,69.32
M,1.83,85.56
M,1.72,78.37
M,1.78,88.98
M,1.73,85.33
M,1.81,95.21
M,1.83,89.14
M,1.75,83.94
M,1.67,75.92
M,1.88,92.87
M,1.64,71.46
M,1.82,99.42
M,1.62,62.85
M,1.66,75.48
M,1.82,93.37
M,1.71,76.17
M,1.68,76.84
M,1.81,87.98
M,1.84,99.57
M,1.74,84.78
M,1.73,81.48
M,1.79,87.83
M,1.77,90.28
M,1.78,89.97
M,1.84,93.74
M,1.68,80.59
M,1.87,99.32
M,1.63,72.45
M,1.69,82.64
M,1.78,87.4
M,1.66,66.29
M,1.73,83.07
M,1.74,76.71
M,1.69,81.86
M,1.87,96.86
M,1.78,87.12
M,1.72,82.42
M,1.79,93.43
M,1.69,84.51
M,1.88,101.07
M,1.71,78.83
M,1.7,78.32
M,1.84,93.15
M,1.66,78.44
M,1.83,92.98
M,1.72,88.06
M,1.67,77.51
M,1.72,77.53
M,1.73,88.41
M,1.62,66.74
M,1.7,74.75
M,1.76,88.1
M,1.76,82.95
M,1.84,95.64
M,1.72,77.66
M,1.74,78.11
M,1.71,88.37
M,1.67,75.97
M,1.73,81.49
M,1.76,85.67
M,1.77,87.29
M,1.79,96.45
M,1.79,79.32
M,1.85,101.77
M,1.7,80.04
M,1.78,83.18
M,1.66,82.37
M,1.63,69.66
M,1.62,70.34
M,1.79,92.52
M,1.72,81.61
M,1.71,84.17
M,1.72,78.65
M,1.84,98.28
M,1.65,65.92
M,1.71,80.47
M,1.74,76.94
M,1.78,91.88
M,1.82,90.34
M,1.7,75.55
M,1.81,90.7
M,1.76,85.08
M,1.68,77.29
M,1.69,78.74
M,1.67,76.93
M,1.87,99.74
M,1.68,78.35
M,1.77,88.89
M,1.78,88.37
M,1.82,93.28
M,1.71,76.02
M,1.67,75.75
M,1.71,74.96
M,1.75,82.72
M,1.68,85.89
M,1.8,88.6
M,1.75,82.02
M,1.66,72.92
M,1.78,90.81
M,1.81,85.86
M,1.73,79.01
M,1.86,98.45
M,1.83,96.72
M,1.88,99.49
M,1.73,87.86
M,1.65,77.84
M,1.53,70.96
M,1.75,87.15
M,1.76,85.66
M,1.65,73.04
M,1.78,89.58
M,1.65,63.01
M,1.81,86.21
M,1.84,101.99
M,1.8,86.76
M,1.84,99.23
M,1.75,80.13
M,1.75,82.69
M,1.81,92.45
M,1.65,77.91
M,1.85,87.97
M,1.74,80.34
M,1.75,72.25
M,1.7,90.35
M,1.81,84.32
M,1.78,90.22
F,1.49,46.3
F,1.65,64.09
F,1.6,59.44
F,1.63,58.13
F,1.56,58.86
F,1.67,71.12
F,1.59,52.14
F,1.66,74.88
F,1.57,50.65
F,1.61,47.24
F,1.72,75.55
F,1.56,48.18
F,1.6,58.11
F,1.49,46.12
F,1.48,44.54
F,1.54,57.56
F,1.78,68.6
F,1.58,52.52
F,1.56,48.92
F,1.6,66.03
F,1.58,63.28
F,1.57,55.68
F,1.68,71.38
F,1.65,65.78
F,1.67,67.42
F,1.63,60.18
F,1.43,38.49
F,1.59,62.83
F,1.56,62.33
F,1.57,56.52
F,1.65,63.62
F,1.55,49.12
F,1.7,68.13
F,1.52,53.99
F,1.62,63.27
F,1.6,56.97
F,1.61,60.0
F,1.53,59.16
F,1.61,58.44
F,1.54,49.76
F,1.71,66.23
F,1.69,72.05
F,1.52,51.98
F,1.62,60.39
F,1.61,58.49
F,1.7,69.88
F,1.68,63.05
F,1.64,62.9
F,1.68,81.96
F,1.67,67.64
F,1.65,65.8
F,1.63,65.6
F,1.58,63.26
F,1.56,58.95
F,1.54,53.26
F,1.61,62.36
F,1.58,62.77
F,1.68,64.08
F,1.58,56.11
F,1.69,66.04
F,1.51,49.81
F,1.63,72.32
F,1.64,69.13
F,1.55,64.15
F,1.67,67.02
F,1.62,59.65
F,1.76,71.22
F,1.7,71.19
F,1.61,65.24
F,1.55,44.77
F,1.51,57.31
F,1.62,60.87
F,1.53,53.63
F,1.57,65.92
F,1.42,41.19
F,1.71,77.48
F,1.65,70.83
F,1.66,63.04
F,1.6,56.33
F,1.49,46.68
F,1.67,64.25
F,1.56,60.56
F,1.61,60.41
F,1.51,53.02
F,1.7,63.3
F,1.58,57.66
F,1.65,61.08
F,1.79,77.17
F,1.71,74.79
F,1.73,80.39
F,1.61,56.27
F,1.55,48.64
F,1.79,73.19
F,1.65,62.46
F,1.55,55.98
F,1.57,64.71
F,1.66,65.33
F,1.57,50.8
F,1.59,56.1
F,1.63,60.41
F,1.62,66.78
F,1.77,75.94
F,1.59,57.52
F,1.82,80.45
F,1.57,60.97
F,1.67,63.26
F,1.52,47.39
F,1.63,66.28
F,1.57,54.37
F,1.64,62.38
F,1.53,52.79
F,1.55,58.18
F,1.67,66.61
F,1.54,52.52
F,1.64,56.32
F,1.6,59.42
F,1.62,64.6
F,1.58,60.44
F,1.56,49.0
F,1.64,64.72
F,1.66,66.28
F,1.55,57.76
F,1.45,42.41
F,1.43,43.83
F,1.54,59.95
F,1.56,62.27
F,1.57,57.34
F,1.69,69.83
F,1.65,64.01
F,1.61,72.82
F,1.64,63.58
F,1.55,60.87
F,1.58,53.17
F,1.65,63.95
F,1.6,64.85
F,1.6,59.52
F,1.6,61.15
F,1.67,63.0
F,1.6,57.63
F,1.59,55.21
F,1.56,50.63
F,1.61,57.38
F,1.57,55.32
F,1.72,73.1
F,1.68,74.19
F,1.58,53.93
F,1.65,60.56
F,1.65,55.87
F,1.62,55.28
F,1.62,67.75
F,1.62,59.4
F,1.51,52.86
F,1.63,63.55
F,1.68,65.18
F,1.5,58.63
F,1.62,63.84
F,1.58,54.56
F,1.66,64.35
F,1.65,71.59
F,1.57,55.16
F,1.62,69.78
F,1.63,60.84
F,1.47,50.9
F,1.48,47.53
F,1.58,57.95
F,1.55,54.1
F,1.56,50.31
F,1.71,72.45
F,1.6,55.37
F,1.62,61.55
F,1.68,62.97
F,1.54,51.61
F,1.58,56.85
F,1.67,72.7
F,1.68,68.08
F,1.67,74.2
F,1.57,46.84
F,1.56,57.78
F,1.65,64.21
F,1.65,61.92
F,1.45,47.39
F,1.63,58.86
F,1.45,43.15
F,1.57,50.08
F,1.61,55.6
F,1.63,68.22
F,1.67,72.1
F,1.56,51.22
F,1.6,65.32
F,1.54,61.66
F,1.53,53.36
F,1.49,41.15
F,1.69,71.13
F,1.68,71.79
F,1.59,60.96
F,1.6,56.61
F,1.56,50.78
F,1.56,50.42
F,1.56,56.64
F,1.63,59.06
F,1.56,59.43
F,1.64,67.57
F,1.69,68.43
F,1.7,80.02
F,1.59,68.3
F,1.63,55.92
F,1.54,50.29
F,1.53,59.42
F,1.49,50.72
F,1.6,60.92
F,1.56,51.33
F,1.55,52.57
F,1.6,63.68
F,1.57,54.39
F,1.44,38.09
F,1.59,52.95
F,1.49,44.32
F,1.55,50.57
F,1.6,54.12
F,1.69,68.77
F,1.73,80.32
F,1.48,45.46
F,1.62,64.8
F,1.63,64.29
F,1.63,61.74
F,1.69,73.49
F,1.59,66.91
F,1.63,61.3
F,1.47,51.28
F,1.49,47.77
F,1.68,67.51
F,1.66,59.57
F,1.55,54.65
F,1.64,66.76
F,1.66,68.25
F,1.6,58.6
F,1.64,63.6
F,1.6,65.62
F,1.57,59.58
F,1.64,63.06
F,1.56,54.22
F,1.65,65.88
F,1.63,60.47
F,1.59,54.04
F,1.62,67.93
F,1.65,68.15
F,1.65,67.02
F,1.63,71.26
F,1.58,56.44
F,1.71,69.97
F,1.78,83.76
F,1.56,53.6
F,1.65,67.91
F,1.73,65.68
F,1.63,65.16
F,1.61,59.44
F,1.65,65.66
F,1.55,53.24
F,1.64,59.5
F,1.66,71.68
F,1.66,59.02
F,1.59,58.88
F,1.56,51.21
F,1.61,57.68
F,1.54,58.1
F,1.59,60.15
F,1.64,70.18
F,1.74,70.63
F,1.73,82.06
F,1.67,79.99
F,1.55,60.41
F,1.58,58.32
F,1.62,66.34
F,1.66,68.17
F,1.56,58.39
F,1.6,58.39
F,1.6,58.12
F,1.69,65.92
F,1.51,52.05
F,1.49,45.69
F,1.62,59.24
F,1.56,47.32
F,1.67,66.66
F,1.78,74.03
F,1.59,53.28
F,1.59,58.97
F,1.62,61.53
F,1.71,71.6
F,1.62,69.61
F,1.54,50.84
F,1.58,58.36
F,1.61,58.99
F,1.54,52.26
F,1.6,60.31
F,1.7,75.53
F,1.54,53.15
F,1.66,70.42
F,1.74,75.21
F,1.7,70.45
F,1.5,56.54
F,1.45,48.34
F,1.6,55.31
F,1.62,60.96
F,1.68,73.62
F,1.66,64.8
F,1.56,49.53
F,1.57,54.11
F,1.54,59.74
F,1.7,63.5
F,1.48,41.0
F,1.58,60.72
F,1.54,54.69
F,1.61,69.92
F,1.57,51.22
F,1.51,54.76
F,1.56,56.08
F,1.58,57.88
F,1.53,59.72
F,1.55,53.16
F,1.62,66.25
F,1.52,50.02
F,1.57,53.35
F,1.54,48.73
F,1.54,49.96
F,1.69,60.33
F,1.62,67.77
F,1.57,62.08
F,1.64,61.05
F,1.65,58.26
F,1.59,62.35
F,1.64,65.24
F,1.57,56.36
F,1.6,56.91
F,1.56,48.63
F,1.68,67.77
F,1.64,70.36
F,1.72,64.54
F,1.61,60.83
F,1.67,57.27
F,1.56,57.91
F,1.54,49.41
F,1.56,52.01
F,1.6,59.95
F,1.72,73.55
F,1.63,70.56
F,1.4,40.08
F,1.56,53.28
F,1.7,72.89
F,1.68,73.19
F,1.65,58.07
F,1.55,55.03
F,1.67,71.22
F,1.57,56.31
F,1.7,70.28
F,1.56,57.99
F,1.6,63.99
F,1.59,57.32
F,1.57,54.11
F,1.59,54.51
F,1.58,62.76
F,1.41,31.29
F,1.54,56.64
F,1.66,65.49
F,1.54,61.1
F,1.51,46.33
F,1.63,68.73
F,1.75,72.16
F,1.69,71.1
F,1.63,61.12
F,1.62,69.2
F,1.69,70.03
F,1.66,75.73
F,1.72,73.71
F,1.73,68.28
F,1.71,75.23
F,1.56,46.17
F,1.52,50.45
F,1.59,48.85
F,1.57,55.62
F,1.47,50.22
F,1.5,50.43
F,1.54,52.14
F,1.51,51.13
F,1.61,60.9
F,1.59,54.33
F,1.65,64.22
F,1.46,42.42
F,1.77,73.69
F,1.59,61.47
F,1.51,49.57
F,1.63,71.12
F,1.59,65.72
F,1.61,53.6
F,1.77,77.78
F,1.52,42.74
F,1.58,59.91
F,1.63,61.6
F,1.58,58.64
F,1.59,59.48
F,1.58,57.62
F,1.52,51.44
F,1.57,56.1
F,1.63,64.63
F,1.68,59.54
F,1.64,57.05
F,1.63,64.48
F,1.76,71.28
F,1.57,57.61
F,1.63,60.87
F,1.69,75.28
F,1.64,66.76
F,1.61,61.5
F,1.68,69.5
F,1.68,64.73
F,1.56,57.51
F,1.64,56.57
F,1.77,82.75
F,1.55,53.99
F,1.6,63.18
F,1.68,60.89
F,1.64,58.33
F,1.6,57.33
F,1.57,60.64
F,1.7,81.52
F,1.5,54.8
F,1.55,51.78
F,1.47,45.6
F,1.61,58.68
F,1.63,64.5
F,1.65,65.29
F,1.68,66.9
F,1.66,66.03
F,1.61,51.83
F,1.56,53.48
F,1.5,63.11
F,1.56,53.08
F,1.59,61.12
F,1.74,69.71
F,1.64,65.46
F,1.53,45.36
F,1.64,60.98
F,1.58,60.19
F,1.58,52.89
F,1.64,67.32
F,1.65,67.25
F,1.57,58.28
F,1.68,72.61
F,1.58,56.97
F,1.67,64.0
F,1.54,52.87
F,1.59,54.67
F,1.61,64.63
F,1.6,56.91
F,1.57,59.47
F,1.62,68.21
F,1.56,53.94
F,1.64,64.27
F,1.57,53.96
F,1.62,63.83
F,1.65,68.14
F,1.63,51.73
F,1.65,63.59
F,1.45,42.58
F,1.6,57.6
F,1.69,73.07
F,1.62,60.53
F,1.53,53.69
F,1.65,62.63
F,1.61,60.58
F,1.65,68.08
F,1.6,63.62
F,1.66,68.57
F,1.53,51.36
F,1.53,51.07
F,1.69,59.87
F,1.6,58.94
F,1.73,75.65
F,1.61,61.58
F,1.54,54.32
F,1.55,53.67
F,1.64,70.24
F,1.6,63.08
F,1.63,63.9
F,1.58,69.66
F,1.7,72.75
F,1.62,62.25
F,1.63,64.67
F,1.53,56.1
F,1.63,60.46
F,1.67,68.49
F,1.56,53.07
F,1.61,67.65
F,1.59,56.61
F,1.73,70.57
F,1.61,65.34
F,1.58,62.77
F,1.65,62.08
F,1.66,66.66
F,1.67,70.73
F,1.68,67.0
F,1.66,65.11
F,1.63,62.52
F,1.64,67.55
F,1.65,63.5
F,1.57,63.97
F,1.63,63.51
F,1.64,67.87
F,1.69,78.71
F,1.62,64.79
F,1.64,61.26
F,1.68,76.7
F,1.54,53.8
F,1.58,59.32
F,1.59,55.48
F,1.53,55.09
F,1.59,65.71
F,1.7,74.85
F,1.5,56.16
F,1.61,61.08
F,1.67,77.39
F,1.59,48.35
F,1.62,59.16
F,1.78,74.39
F,1.73,77.95
F,1.52,52.38
F,1.48,43.73
F,1.55,62.17
F,1.61,60.5
F,1.66,58.07
F,1.56,58.7
F,1.57,60.24
F,1.61,54.51
F,1.7,75.47
F,1.63,65.01
F,1.63,58.78
F,1.7,75.49
F,1.59,65.4
F,1.65,72.79
F,1.67,68.72
F,1.63,55.03
F,1.59,62.58
F,1.6,67.56
F,1.6,59.83
F,1.64,68.71
F,1.54,53.54
F,1.64,64.15
F,1.6,54.68
F,1.6,62.89
F,1.63,67.88
F,1.6,61.5
F,1.54,51.0
F,1.53,53.56
F,1.68,68.63
F,1.71,73.98
F,1.6,54.88
F,1.71,79.38
F,1.66,71.77
F,1.49,51.58
F,1.69,67.62
F,1.7,66.49
F,1.57,58.66
F,1.65,58.54
F,1.65,68.75
F,1.56,61.96
F,1.68,70.17
F,1.59,52.15
F,1.76,76.01
F,1.6,52.61
F,1.65,63.77
F,1.54,58.34
F,1.66,69.96
F,1.6,69.63
F,1.6,59.71
F,1.63,64.63
F,1.61,64.37
F,1.57,56.46
F,1.7,69.15
F,1.63,66.41
F,1.67,66.52
F,1.62,56.95
F,1.71,77.61
F,1.69,74.46
F,1.58,56.66
F,1.75,79.25
F,1.63,59.1
F,1.65,70.07
F,1.6,60.46
F,1.59,64.81
F,1.56,57.19
F,1.58,59.93
F,1.67,62.91
F,1.59,57.44
F,1.57,62.13
F,1.62,59.25
F,1.55,54.91
F,1.59,61.39
F,1.59,61.06
F,1.66,68.07
F,1.6,57.83
F,1.61,61.78
F,1.71,77.39
F,1.51,43.31
F,1.62,62.99
F,1.62,59.39
F,1.73,78.65
F,1.53,41.74
F,1.6,49.53
F,1.65,73.22
F,1.57,60.17
F,1.67,75.68
F,1.61,64.72
F,1.48,47.93
F,1.58,67.03
F,1.57,61.48
F,1.65,74.11
F,1.62,57.13
F,1.56,57.01
F,1.6,61.12
F,1.55,63.19
F,1.58,60.26
F,1.6,58.01
F,1.65,65.98
F,1.72,81.77
F,1.54,53.1
F,1.57,55.66
F,1.72,72.8
F,1.63,72.55
F,1.64,66.24
F,1.55,53.99
F,1.75,78.81
F,1.51,48.16
F,1.62,60.45
F,1.61,56.62
F,1.68,74.48
F,1.63,67.3
F,1.71,70.05
F,1.61,69.37
F,1.57,60.97
F,1.65,63.07
F,1.69,69.37
F,1.62,65.52
F,1.69,70.73
F,1.62,62.33
F,1.68,66.26
F,1.65,66.09
F,1.48,52.12
F,1.59,65.17
F,1.54,55.58
F,1.53,48.37
F,1.65,61.53
F,1.68,64.82
F,1.6,59.15
F,1.67,62.05
F,1.57,51.14
F,1.62,66.59
F,1.49,41.17
F,1.66,69.3
F,1.68,63.47
F,1.66,64.74
F,1.73,70.5
F,1.71,73.2
F,1.73,76.56
F,1.74,85.59
F,1.62,63.34
F,1.69,65.31
F,1.73,78.19
F,1.72,74.56
F,1.76,80.6
F,1.63,66.37
F,1.65,56.18
F,1.54,58.93
F,1.69,73.04
F,1.66,64.61
F,1.65,67.49
F,1.68,75.12
F,1.65,60.64
F,1.61,53.32
F,1.69,67.45
F,1.64,66.61
F,1.54,51.54
F,1.62,63.69
F,1.54,53.38
F,1.64,63.86
F,1.67,68.74
F,1.59,57.85
F,1.61,51.93
F,1.58,54.69
F,1.79,73.61
F,1.59,54.19
F,1.71,75.97
F,1.51,50.31
F,1.61,59.12
F,1.61,63.7
F,1.68,64.88
F,1.56,61.25
F,1.59,61.52
F,1.57,50.19
F,1.68,62.21
F,1.62,60.88
F,1.6,61.95
F,1.62,65.48
F,1.69,69.36
F,1.67,68.49
F,1.63,73.84
F,1.56,54.12
F,1.69,75.0
F,1.52,55.5
F,1.65,61.08
F,1.58,61.73
F,1.55,52.24
F,1.61,62.55
F,1.54,46.84
F,1.63,73.67
F,1.66,65.8
F,1.71,76.79
F,1.57,65.73
F,1.46,44.85
F,1.68,71.74
F,1.66,79.28
F,1.48,41.33
F,1.68,79.41
F,1.49,46.48
F,1.72,66.81
F,1.73,75.22
F,1.62,68.27
F,1.65,64.03
F,1.52,49.74
F,1.55,56.05
F,1.75,76.59
F,1.69,69.37
F,1.56,58.86
F,1.68,78.02
F,1.42,42.85
F,1.72,79.54
F,1.6,63.15
F,1.56,45.73
F,1.74,80.24
F,1.56,55.73
F,1.73,78.28
F,1.66,66.65
F,1.42,36.52
F,1.71,79.75
F,1.62,66.05
F,1.64,62.81
F,1.55,59.21
F,1.61,63.13
F,1.48,46.32
F,1.73,71.71
F,1.61,67.53
F,1.68,67.41
F,1.51,59.02
F,1.62,62.5
F,1.57,68.77
F,1.72,69.87
F,1.51,60.32
F,1.59,56.26
F,1.67,64.79
F,1.54,60.43
F,1.71,72.03
F,1.59,51.86
F,1.6,58.07
F,1.71,74.23
F,1.58,58.45
F,1.6,64.05
F,1.58,53.91
F,1.54,54.86
F,1.57,53.2
F,1.53,53.37
F,1.57,59.72
F,1.63,64.37
F,1.65,67.22
F,1.69,69.13
F,1.52,49.27
F,1.68,76.69
F,1.72,68.36
F,1.5,45.83
F,1.75,74.76
F,1.69,63.4
F,1.62,65.76
F,1.6,62.3
F,1.59,62.63
F,1.64,71.65
F,1.61,63.56
F,1.61,53.64
F,1.63,54.48
F,1.53,48.14
F,1.64,55.55
F,1.68,64.89
F,1.63,63.58
F,1.65,67.46
F,1.58,60.47
F,1.53,58.34
F,1.63,61.32
F,1.68,68.47
F,1.75,75.85
F,1.57,53.36
F,1.57,53.75
F,1.55,63.45
F,1.64,56.49
F,1.62,63.5
F,1.68,72.81
F,1.64,68.5
F,1.63,61.8
F,1.72,69.52
F,1.61,65.67
F,1.75,76.28
F,1.71,66.18
F,1.53,50.11
F,1.52,53.34
F,1.51,48.74
F,1.73,79.44
F,1.66,72.05
F,1.73,74.82
F,1.71,68.84
F,1.61,57.46
F,1.61,57.28
F,1.7,72.78
F,1.59,57.46
F,1.7,69.59
F,1.59,57.15
F,1.57,62.27
F,1.46,48.85
F,1.61,54.97
F,1.58,62.38
F,1.57,57.63
F,1.61,67.99
F,1.74,75.66
F,1.65,67.46
F,1.56,52.9
F,1.56,55.16
F,1.63,66.69
F,1.54,49.82
F,1.65,63.73
F,1.6,61.62
F,1.65,64.82
F,1.62,63.2
F,1.59,59.68
F,1.6,67.64
F,1.63,62.13
F,1.65,62.5
F,1.63,62.78
F,1.57,53.36
F,1.59,55.57
F,1.71,65.95
F,1.68,76.26
F,1.48,49.46
F,1.56,58.52
F,1.48,46.74
F,1.64,65.66
F,1.47,41.49
F,1.73,70.21
F,1.52,48.61
F,1.66,70.72
F,1.62,63.0
F,1.71,68.44
F,1.71,76.43
F,1.65,57.07
F,1.57,59.47
F,1.64,76.61
F,1.65,64.85
F,1.63,72.0
F,1.59,56.36
F,1.62,50.15
F,1.64,58.61
F,1.69,71.57
F,1.72,73.77
F,1.59,62.16
F,1.61,55.4
F,1.48,43.8
F,1.58,51.38
F,1.7,70.59
F,1.57,61.09
F,1.56,60.99
F,1.6,59.2
F,1.66,66.45
F,1.57,58.82
F,1.56,54.7
F,1.66,66.05
F,1.5,53.31
F,1.63,60.46
F,1.62,76.69
F,1.53,59.13
F,1.67,71.28
F,1.5,39.41
F,1.69,68.97
F,1.62,55.39
F,1.66,62.17
F,1.71,66.26
F,1.64,68.29
F,1.68,67.55
F,1.61,54.86
F,1.56,64.08
F,1.58,58.39
F,1.68,56.37
F,1.56,63.67
F,1.72,64.84
F,1.64,66.31
F,1.63,64.88
F,1.59,59.0
F,1.75,76.3
F,1.54,52.06
F,1.67,76.06
F,1.78,75.19
F,1.63,64.28
F,1.58,58.67
F,1.65,74.4
F,1.67,59.76
F,1.54,54.06
F,1.63,60.38
F,1.72,68.48
F,1.62,64.17
F,1.62,64.29
F,1.64,67.73
F,1.6,54.06
F,1.54,61.5
F,1.56,55.67
F,1.66,63.43
F,1.74,76.45
F,1.56,57.15
F,1.63,61.51
F,1.53,49.75
F,1.66,70.78
F,1.59,49.45
F,1.55,52.14
F,1.65,71.09
F,1.46,39.68
F,1.51,55.81
F,1.57,54.43
F,1.52,51.68
F,1.57,54.99
F,1.58,54.22
F,1.74,73.18
F,1.54,63.87
F,1.57,58.49
F,1.5,48.43
F,1.55,55.32
F,1.74,81.27
F,1.64,58.21
F,1.6,55.24
F,1.51,58.03
F,1.57,60.49
F,1.55,46.68
F,1.56,57.68
F,1.59,53.84
F,1.66,65.61
F,1.58,52.09
F,1.52,43.93
F,1.66,71.94
F,1.63,65.78
F,1.62,63.74
F,1.58,64.7
F,1.59,64.81
F,1.69,66.01
F,1.73,74.09
F,1.57,62.14
F,1.66,68.46
F,1.61,63.84
F,1.66,64.08
F,1.44,40.31
F,1.47,41.87
F,1.74,77.64
F,1.61,69.35
F,1.6,63.07
F,1.71,74.78
F,1.69,72.57
F,1.58,61.99
F,1.53,44.44
F,1.6,61.77
F,1.7,72.91
F,1.71,77.26
F,1.66,72.34
F,1.59,64.84
F,1.61,62.23
F,1.67,70.95
F,1.64,65.72
F,1.53,49.94
F,1.8,79.81
F,1.51,48.68
F,1.57,62.27
F,1.68,66.94
F,1.66,67.26
F,1.49,44.7
F,1.61,60.31
F,1.6,59.3
F,1.53,48.52
F,1.59,50.62
F,1.59,54.33
F,1.58,55.75
F,1.62,56.88
F,1.54,56.74
F,1.69,61.62
F,1.53,61.09
F,1.58,58.71
F,1.6,63.22
F,1.55,53.63
F,1.62,55.25
F,1.57,49.6
F,1.65,67.82
F,1.72,73.42
F,1.66,61.75
F,1.65,63.49
F,1.61,65.43
F,1.65,61.11
F,1.58,60.2
F,1.67,73.91
F,1.54,55.15
F,1.64,67.88
F,1.58,59.92
F,1.61,66.69
F,1.55,57.68
F,1.62,57.7
F,1.68,69.74
F,1.45,45.13
F,1.6,59.36
F,1.49,48.06
F,1.63,69.04
F,1.68,69.29
F,1.63,59.27
F,1.69,69.99
F,1.64,68.92
F,1.51,60.54
F,1.6,70.76
F,1.62,66.6
F,1.65,73.24
F,1.68,67.15
F,1.64,61.24
F,1.69,68.73
F,1.67,68.25
F,1.61,60.56
F,1.58,62.38
F,1.67,64.09
F,1.58,61.56
F,1.61,61.14
F,1.63,59.47
F,1.63,63.16
F,1.61,56.26
F,1.64,66.82
F,1.62,68.12
F,1.55,50.69
F,1.6,53.07
F,1.63,62.41
F,1.56,46.58
F,1.62,64.58
F,1.55,59.63
F,1.66,62.08
F,1.62,61.23
F,1.72,66.9
F,1.43,40.58
F,1.47,44.84
F,1.52,57.0
F,1.51,56.97
F,1.66,60.48
F,1.6,59.49
F,1.59,54.54
F,1.66,62.65
F,1.7,67.62
F,1.53,55.44
F,1.59,66.22
F,1.63,63.5
F,1.62,56.54
F,1.6,62.6
F,1.59,56.02
F,1.59,58.94
F,1.6,54.55
F,1.55,59.3
F,1.65,64.55
F,1.54,55.28
F,1.62,57.57
F,1.65,68.26
F,1.72,73.66
F,1.58,58.23
F,1.69,57.31
F,1.65,58.57
F,1.64,66.18
F,1.55,55.58
F,1.63,67.22
F,1.57,53.05
F,1.56,54.41
F,1.63,64.13
F,1.58,62.36
F,1.49,48.85
F,1.65,67.85
F,1.61,57.87
F,1.69,63.66
F,1.5,50.82
F,1.5,51.46
F,1.54,49.87
F,1.67,60.93
F,1.68,71.1
F,1.46,43.63
F,1.57,51.96
F,1.65,65.12
F,1.75,74.41
F,1.62,69.87
F,1.62,57.8
F,1.68,64.36
F,1.65,65.26
F,1.57,56.6
F,1.69,76.47
F,1.59,62.33
F,1.58,61.17
F,1.69,68.7
F,1.62,56.58
F,1.69,74.96
F,1.68,65.41
F,1.49,46.26
F,1.6,62.6
F,1.65,55.68
F,1.6,56.45
F,1.57,60.65
F,1.64,58.69
F,1.6,72.49
F,1.62,64.48
F,1.58,59.2
F,1.55,46.98
F,1.7,64.8
F,1.81,79.39
F,1.53,49.08
F,1.59,56.74
F,1.57,49.05
F,1.58,56.14
F,1.62,52.83
F,1.52,57.99
F,1.73,73.18
F,1.66,61.06
F,1.66,67.35
F,1.51,48.37
F,1.65,58.89
F,1.67,72.49
F,1.5,49.18
F,1.67,64.68
F,1.65,69.17
F,1.66,63.77
F,1.58,60.74
F,1.68,73.47
F,1.65,59.9
F,1.66,58.68
F,1.7,72.26
F,1.63,67.3
F,1.62,64.6
F,1.55,54.61
F,1.73,71.78
F,1.61,57.13
F,1.67,72.51
F,1.65,70.78
F,1.56,54.7
F,1.76,77.17
F,1.66,69.77
F,1.64,64.8
F,1.64,69.66
F,1.57,65.57
F,1.62,56.78
F,1.62,63.9
F,1.54,52.93
F,1.62,71.04
F,1.74,70.94
F,1.55,62.59
F,1.54,51.28
F,1.62,63.98
F,1.73,65.99
F,1.7,73.49
F,1.78,71.77
F,1.54,59.56
F,1.59,64.97
F,1.71,80.51
F,1.55,55.71
F,1.67,70.85
F,1.76,76.03
F,1.53,57.76
F,1.56,64.18
F,1.61,63.35
F,1.58,49.07
F,1.65,65.21
F,1.66,68.73
F,1.65,65.66
F,1.67,74.87
F,1.41,47.06
F,1.49,42.2
F,1.61,64.55
F,1.59,65.91
F,1.64,65.02
F,1.61,50.12
F,1.63,65.0
F,1.61,62.42
F,1.68,69.58
F,1.53,59.32
F,1.76,72.51
F,1.7,73.32
F,1.58,60.02
F,1.64,61.88
F,1.57,51.55
F,1.62,66.56
F,1.55,53.88
F,1.64,63.85
F,1.63,64.04
F,1.67,71.89
F,1.51,45.23
F,1.62,61.53
F,1.62,60.85
F,1.56,55.52
F,1.62,63.24
F,1.67,69.0
F,1.6,55.39
F,1.74,76.18
F,1.78,84.82
F,1.58,65.74
F,1.51,50.84
F,1.6,55.59
F,1.57,50.12
F,1.62,62.07
F,1.53,56.58
F,1.62,60.32
F,1.61,63.51
F,1.68,69.74
F,1.72,69.26
F,1.72,72.73
F,1.47,43.66
F,1.56,52.25
F,1.59,68.65
F,1.6,62.74
F,1.62,57.7
F,1.58,65.02
F,1.63,65.25
F,1.67,75.45
F,1.69,64.04
F,1.57,55.87
F,1.56,62.2
F,1.54,51.53
F,1.53,49.58
F,1.52,54.0
F,1.44,44.16
F,1.55,58.18
F,1.51,49.86
F,1.76,78.71
F,1.7,61.74
F,1.48,43.78
F,1.54,53.22
F,1.57,57.75
F,1.69,73.87
F,1.55,59.74
F,1.59,61.11
F,1.68,71.49
F,1.66,72.52
F,1.54,45.61
F,1.6,54.86
F,1.66,74.64
F,1.49,41.63
F,1.61,59.55
F,1.69,68.69
F,1.65,63.52
F,1.52,53.73
F,1.57,58.4
F,1.74,78.52
F,1.7,78.34
F,1.58,57.67
F,1.54,57.12
F,1.49,54.25
F,1.64,62.51
F,1.79,88.95
F,1.68,63.74
F,1.59,61.12
F,1.53,53.74
F,1.64,64.9
F,1.56,64.4
F,1.64,67.83
F,1.6,67.57
F,1.63,55.59
F,1.56,67.11
F,1.52,48.95
F,1.5,41.75
F,1.7,61.24
F,1.6,64.03
F,1.66,67.71
F,1.6,65.01
F,1.6,61.64
F,1.65,69.6
F,1.53,57.98
F,1.73,72.73
F,1.64,64.4
F,1.66,64.18
F,1.59,59.54
F,1.7,73.27
F,1.55,45.92
F,1.65,60.47
F,1.65,58.64
F,1.65,62.5
F,1.64,70.04
F,1.52,53.5
F,1.76,71.22
F,1.46,57.12
F,1.56,58.3
F,1.46,47.7
F,1.67,65.22
F,1.59,54.73
F,1.75,75.5
F,1.62,66.58
F,1.51,58.47
F,1.63,68.73
F,1.67,72.29
F,1.57,55.58
F,1.59,55.82
F,1.54,51.12
F,1.54,52.11
F,1.52,52.66
F,1.48,43.44
F,1.63,67.16
F,1.54,51.44
F,1.68,68.63
F,1.66,65.42
F,1.56,58.85
F,1.61,68.28
F,1.57,56.8
F,1.62,61.59
F,1.64,67.34
F,1.61,61.19
F,1.59,50.38
F,1.59,56.36
F,1.59,56.18
F,1.5,50.74
F,1.63,57.92
F,1.54,58.97
F,1.61,61.62
F,1.51,46.62
F,1.61,58.92
F,1.73,77.16
F,1.69,72.39
F,1.69,66.63
F,1.65,62.03
F,1.76,80.75
F,1.6,59.44
F,1.54,52.08
F,1.5,46.91
F,1.52,51.91
F,1.59,54.05
F,1.56,55.73
F,1.71,74.59
F,1.64,63.68
F,1.58,55.07
F,1.69,68.04
F,1.57,50.39
F,1.65,61.88
F,1.72,70.88
F,1.62,75.34
F,1.55,48.73
F,1.68,62.84
F,1.62,60.91
F,1.6,53.02
F,1.47,46.15
F,1.6,54.51
F,1.5,49.97
F,1.6,57.48
F,1.61,59.16
F,1.57,61.86
F,1.6,59.98
F,1.65,69.65
F,1.74,75.26
F,1.6,59.02
F,1.6,56.34
F,1.62,59.43
F,1.47,48.56
F,1.46,39.09
F,1.66,63.13
F,1.57,55.42
F,1.59,52.05
F,1.61,63.78
F,1.52,57.93
F,1.71,71.56
F,1.48,38.91
F,1.54,54.55
F,1.7,64.82
F,1.53,48.44
F,1.56,55.89
F,1.58,57.46
F,1.57,52.97
F,1.54,52.22
F,1.68,73.63
F,1.54,50.31
F,1.53,50.72
F,1.68,69.7
F,1.63,63.05
F,1.61,64.22
F,1.58,59.58
F,1.59,56.71
F,1.63,60.15
F,1.64,60.57
F,1.6,65.63
F,1.59,55.83
F,1.61,66.32
F,1.62,67.92
F,1.63,62.96
F,1.6,61.66
F,1.63,63.1
F,1.64,62.98
F,1.7,71.82
F,1.62,57.53
F,1.6,62.26
F,1.5,46.5
F,1.59,60.97
F,1.53,52.66
F,1.56,51.96
F,1.54,48.66
F,1.64,55.14
F,1.53,54.6
F,1.63,66.51
F,1.64,73.33
F,1.52,47.0
F,1.65,62.96
F,1.62,58.76
F,1.6,64.41
F,1.67,67.99
F,1.68,73.59
F,1.59,54.62
F,1.67,64.44
F,1.54,62.79
F,1.62,67.71
F,1.69,71.14
F,1.68,60.15
F,1.67,71.74
F,1.51,47.14
F,1.62,65.66
F,1.51,50.06
F,1.59,64.28
F,1.67,56.93
F,1.6,63.29
F,1.69,72.63
F,1.63,65.35
F,1.56,49.9
F,1.71,73.73
F,1.6,52.96
F,1.55,56.06
F,1.63,60.0
F,1.77,80.08
F,1.73,69.73
F,1.71,77.83
F,1.62,74.99
F,1.58,55.13
F,1.61,65.02
F,1.6,58.76
F,1.66,63.34
F,1.67,68.23
F,1.68,76.08
F,1.66,62.74
F,1.59,61.19
F,1.61,62.56
F,1.54,49.48
F,1.61,51.75
F,1.61,66.21
F,1.57,52.33
F,1.63,57.94
F,1.62,69.69
F,1.58,52.89
F,1.61,60.56
F,1.62,60.53
F,1.62,50.99
F,1.59,60.37
F,1.68,66.12
F,1.62,62.21
F,1.61,70.26
F,1.64,62.77
F,1.68,69.78
F,1.58,53.21
F,1.66,67.01
F,1.55,50.6
F,1.63,59.38
F,1.59,62.7
F,1.54,52.39
F,1.59,53.36
F,1.58,57.15
F,1.68,76.11
F,1.61,61.82
F,1.67,70.92
F,1.61,58.33
F,1.51,49.39
F,1.61,58.63
F,1.53,50.06
F,1.72,74.2
F,1.52,53.37
F,1.63,63.19
F,1.63,59.52
F,1.54,53.49
F,1.57,54.35
F,1.52,49.55
F,1.51,45.59
F,1.62,64.86
F,1.63,63.65
F,1.62,61.6
F,1.58,69.53
F,1.58,62.76
F,1.51,52.13
F,1.66,61.09
F,1.68,71.11
F,1.6,57.01
F,1.59,46.44
F,1.73,69.61
F,1.59,49.25
F,1.63,73.61
F,1.57,57.07
F,1.59,64.11
F,1.6,62.19
F,1.48,51.93
F,1.76,82.38
F,1.71,71.33
F,1.59,58.44
F,1.53,52.82
F,1.7,68.49
F,1.76,82.69
F,1.53,56.16
F,1.58,52.69
F,1.58,64.48
F,1.52,63.08
F,1.66,66.58
F,1.55,59.2
F,1.52,57.31
F,1.56,52.74
F,1.74,68.85
F,1.72,71.59
F,1.53,54.88
F,1.57,64.05
F,1.52,45.06
F,1.68,70.03
F,1.67,62.23
F,1.61,55.1
F,1.57,60.76
F,1.7,66.01
F,1.59,51.53
F,1.48,48.55
F,1.69,66.25
F,1.65,68.01
F,1.61,55.49
F,1.6,61.18
F,1.61,60.03
F,1.67,68.36
F,1.63,64.79
F,1.7,67.38
F,1.65,58.74
F,1.58,63.19
F,1.73,74.3
F,1.56,61.88
F,1.6,59.98
F,1.58,60.6
F,1.66,61.06
F,1.63,62.34
F,1.65,70.78
F,1.57,53.67
F,1.64,61.7
F,1.68,69.08
F,1.61,58.0
F,1.57,55.14
F,1.61,64.38
F,1.62,62.21
F,1.61,61.12
F,1.68,68.75
F,1.58,50.26
F,1.74,75.11
F,1.65,62.21
F,1.51,49.81
F,1.54,54.8
F,1.5,47.57
F,1.56,52.47
F,1.58,58.25
F,1.67,59.99
F,1.63,59.6
F,1.56,56.47
F,1.56,60.93
F,1.65,62.33
F,1.64,54.47
F,1.63,65.14
F,1.56,56.92
F,1.59,62.37
F,1.52,50.61
F,1.69,64.76
F,1.62,59.77
F,1.52,58.84
F,1.63,64.95
F,1.64,66.27
F,1.61,65.34
F,1.57,57.74
F,1.57,60.79
F,1.64,69.2
F,1.59,62.04
F,1.48,51.61
F,1.66,65.54
F,1.58,60.83
F,1.52,54.24
F,1.64,65.5
F,1.64,71.87
F,1.54,56.07
F,1.62,58.15
F,1.72,82.87
F,1.59,52.64
F,1.54,52.06
F,1.6,55.39
F,1.7,70.83
F,1.48,53.09
F,1.72,77.92
F,1.52,60.47
F,1.62,66.62
F,1.76,74.55
F,1.66,63.51
F,1.68,69.6
F,1.64,61.58
F,1.59,64.66
F,1.44,48.61
F,1.56,51.25
F,1.72,69.24
F,1.65,70.38
F,1.6,54.4
F,1.61,60.03
F,1.52,56.01
F,1.71,71.06
F,1.61,58.58
F,1.61,65.98
F,1.62,59.92
F,1.59,66.56
F,1.48,51.73
F,1.57,52.85
F,1.65,67.67
F,1.63,61.03
F,1.57,60.72
F,1.53,53.84
F,1.43,44.12
F,1.58,60.02
F,1.65,68.93
F,1.57,52.56
F,1.38,32.38
F,1.41,49.04
F,1.58,59.0
F,1.58,57.23
F,1.58,64.75
F,1.52,44.79
F,1.56,61.11
F,1.71,74.81
F,1.74,80.03
F,1.53,46.51
F,1.62,65.96
F,1.66,65.35
F,1.52,49.52
F,1.59,53.62
F,1.69,66.74
F,1.59,50.0
F,1.66,63.78
F,1.56,56.61
F,1.71,71.53
F,1.56,53.11
F,1.62,67.97
F,1.68,69.46
F,1.73,73.9
F,1.69,73.55
F,1.63,67.42
F,1.7,73.72
F,1.57,48.41
F,1.56,53.45
F,1.57,46.78
F,1.63,57.38
F,1.75,75.15
F,1.61,62.79
F,1.67,68.52
F,1.6,63.02
F,1.68,67.06
F,1.74,76.63
F,1.64,69.21
F,1.64,69.39
F,1.66,69.95
F,1.68,65.87
F,1.65,71.48
F,1.67,69.25
F,1.69,67.32
F,1.57,59.31
F,1.67,72.7
F,1.7,72.66
F,1.44,40.44
F,1.62,71.48
F,1.6,63.71
F,1.47,41.78
F,1.59,58.77
F,1.7,66.44
F,1.75,74.22
F,1.58,59.32
F,1.64,72.38
F,1.58,55.68
F,1.79,83.13
F,1.66,63.83
F,1.6,60.97
F,1.68,72.0
F,1.68,60.21
F,1.6,54.08
F,1.63,53.22
F,1.77,85.55
F,1.77,72.4
F,1.57,50.31
F,1.63,71.76
F,1.58,57.2
F,1.63,56.65
F,1.59,56.59
F,1.58,55.6
F,1.6,60.75
F,1.57,59.4
F,1.5,52.36
F,1.68,68.1
F,1.65,67.69
F,1.54,59.26
F,1.59,56.15
F,1.54,48.02
F,1.74,80.87
F,1.61,65.5
F,1.63,66.04
F,1.63,69.41
F,1.44,43.24
F,1.7,68.82
F,1.75,83.29
F,1.51,45.52
F,1.63,59.65
F,1.56,62.16
F,1.6,63.81
F,1.47,45.58
F,1.69,64.99
F,1.7,63.51
F,1.67,62.53
F,1.64,67.42
F,1.67,61.65
F,1.66,65.1
F,1.53,51.28
F,1.59,59.35
F,1.67,76.01
F,1.63,60.26
F,1.63,67.73
F,1.62,62.91
F,1.59,55.49
F,1.61,61.14
F,1.55,54.26
F,1.64,54.12
F,1.62,57.43
F,1.5,47.76
F,1.67,65.03
F,1.64,66.21
F,1.53,50.79
F,1.69,74.5
F,1.59,60.8
F,1.52,50.24
F,1.6,58.28
F,1.6,53.2
F,1.7,74.87
F,1.52,59.34
F,1.75,69.14
F,1.57,69.61
F,1.72,78.18
F,1.57,56.76
F,1.57,55.15
F,1.64,60.14
F,1.62,72.44
F,1.62,63.34
F,1.6,65.51
F,1.6,65.35
F,1.56,48.28
F,1.65,70.07
F,1.57,53.68
F,1.68,65.85
F,1.68,64.46
F,1.61,59.78
F,1.65,67.16
F,1.65,59.07
F,1.71,70.9
F,1.59,58.93
F,1.57,55.24
F,1.66,64.83
F,1.74,79.39
F,1.73,72.13
F,1.52,44.01
F,1.56,54.25
F,1.71,75.72
F,1.61,53.39
F,1.67,54.28
F,1.59,61.97
F,1.62,62.06
F,1.64,61.15
F,1.58,53.49
F,1.51,46.42
F,1.62,67.57
F,1.65,65.92
F,1.67,61.98
F,1.55,50.02
F,1.45,47.15
F,1.65,65.04
F,1.58,62.18
F,1.51,58.51
F,1.68,67.38
F,1.54,55.86
F,1.58,53.81
F,1.65,70.48
F,1.61,58.18
F,1.49,41.85
F,1.51,63.28
F,1.63,66.6
F,1.59,58.04
F,1.63,55.51
F,1.66,58.47
F,1.58,67.45
F,1.65,62.07
F,1.6,65.44
F,1.75,71.45
F,1.61,60.8
F,1.65,62.21
F,1.53,52.81
F,1.6,60.63
F,1.56,53.87
F,1.48,46.29
F,1.69,71.76
F,1.48,58.41
F,1.6,65.23
F,1.76,77.03
F,1.58,55.61
F,1.6,42.37
F,1.6,54.99
F,1.67,70.1
F,1.63,56.68
F,1.62,59.56
F,1.62,59.06
F,1.76,77.12
F,1.71,76.94
F,1.59,57.84
F,1.59,56.37
F,1.68,70.71
F,1.61,65.91
F,1.66,70.57
F,1.52,52.53
F,1.58,50.52
F,1.54,60.72
F,1.62,57.6
F,1.58,55.35
F,1.63,67.23
F,1.53,57.59
F,1.56,49.0
F,1.63,63.41
F,1.52,56.94
F,1.42,40.62
F,1.71,71.35
F,1.59,52.08
F,1.51,47.69
F,1.67,64.36
F,1.51,49.74
F,1.71,74.34
F,1.54,49.42
F,1.56,56.1
F,1.61,60.16
F,1.55,63.4
F,1.62,66.08
F,1.76,70.07
F,1.56,55.43
F,1.64,59.24
F,1.68,64.09
F,1.62,60.04
F,1.57,59.75
F,1.61,58.91
F,1.62,59.23
F,1.53,54.71
F,1.67,71.52
F,1.73,69.66
F,1.64,53.98
F,1.61,56.12
F,1.47,53.85
F,1.6,61.99
F,1.59,59.75
F,1.67,72.95
F,1.53,61.46
F,1.63,56.51
F,1.63,68.91
F,1.57,55.01
F,1.59,57.93
F,1.55,50.49
F,1.61,58.6
F,1.45,43.68
F,1.59,61.96
F,1.68,68.65
F,1.51,52.26
F,1.62,53.04
F,1.59,70.04
F,1.6,59.87
F,1.68,64.83
F,1.65,67.21
F,1.5,45.65
F,1.74,74.89
F,1.63,62.59
F,1.6,57.92
F,1.7,72.76
F,1.59,63.45
F,1.68,70.95
F,1.52,55.75
F,1.59,60.2
F,1.71,73.68
F,1.64,64.46
F,1.57,54.32
F,1.6,57.32
F,1.68,65.72
F,1.52,58.59
F,1.6,64.6
F,1.75,80.29
F,1.68,62.61
F,1.55,54.22
F,1.53,48.46
F,1.6,63.38
F,1.61,54.79
F,1.57,52.72
F,1.69,71.96
F,1.63,60.47
F,1.54,54.58
F,1.61,61.98
F,1.55,55.28
F,1.6,52.82
F,1.42,47.6
F,1.6,57.3
F,1.6,63.17
F,1.69,66.16
F,1.64,72.52
F,1.63,61.06
F,1.76,81.09
F,1.55,50.48
F,1.67,72.96
F,1.73,79.9
F,1.52,55.67
F,1.58,56.23
F,1.66,68.7
F,1.71,79.3
F,1.63,58.65
F,1.54,56.16
F,1.57,50.31
F,1.5,58.75
F,1.59,50.56
F,1.65,64.54
F,1.56,51.05
F,1.48,46.47
F,1.76,80.55
F,1.71,72.9
F,1.57,61.51
F,1.58,61.79
F,1.54,51.8
F,1.68,66.53
F,1.47,44.63
F,1.66,65.28
F,1.68,67.67
F,1.61,65.33
F,1.58,62.16
F,1.66,72.14
F,1.61,56.55
F,1.55,56.66
F,1.62,66.58
F,1.5,45.4
F,1.66,67.95
F,1.46,46.86
F,1.49,52.98
F,1.68,64.69
F,1.62,62.0
F,1.64,70.27
F,1.65,64.57
F,1.54,51.36
F,1.58,58.85
F,1.5,50.85
F,1.48,42.27
F,1.6,65.89
F,1.58,55.11
F,1.63,76.45
F,1.59,63.01
F,1.59,56.24
F,1.51,56.62
F,1.59,61.5
F,1.47,40.53
F,1.66,61.52
F,1.54,44.32
F,1.6,62.61
F,1.61,56.02
F,1.6,61.6
F,1.75,79.83
F,1.65,69.8
F,1.59,49.5
F,1.62,62.15
F,1.61,56.96
F,1.65,63.77
F,1.62,58.31
F,1.73,71.45
F,1.55,45.85
F,1.63,62.33
F,1.76,82.85
F,1.61,60.93
F,1.44,35.91
F,1.62,60.1
F,1.49,54.18
F,1.68,74.19
F,1.6,60.98
F,1.61,60.15
F,1.58,58.59
F,1.57,56.16
F,1.61,55.87
F,1.54,54.63
F,1.61,60.39
F,1.56,53.36
F,1.59,55.68
F,1.63,62.52
F,1.67,71.34
F,1.62,54.81
F,1.55,49.7
F,1.5,48.13
F,1.59,64.76
F,1.57,51.55
F,1.57,59.6
F,1.47,47.69
F,1.71,66.84
F,1.57,54.27
F,1.66,72.16
F,1.59,58.13
F,1.63,73.72
F,1.61,59.88
F,1.62,65.54
F,1.59,55.69
F,1.57,50.34
F,1.59,58.42
F,1.53,51.2
F,1.57,64.15
F,1.68,73.74
F,1.56,56.48
F,1.58,64.12
F,1.57,54.16
F,1.57,55.58
F,1.64,62.83
F,1.49,50.5
F,1.61,61.94
F,1.58,56.27
F,1.67,70.72
F,1.65,64.17
F,1.69,55.69
F,1.55,51.49
F,1.61,55.82
F,1.64,65.23
F,1.76,82.48
F,1.58,48.53
F,1.62,57.59
F,1.71,79.07
F,1.7,69.93
F,1.53,60.57
F,1.57,64.22
F,1.68,66.48
F,1.73,77.82
F,1.73,65.46
F,1.55,49.18
F,1.61,66.05
F,1.68,67.43
F,1.67,65.01
F,1.64,75.81
F,1.71,72.55
F,1.56,51.32
F,1.65,61.43
F,1.53,59.25
F,1.61,57.74
F,1.57,52.96
F,1.61,60.0
F,1.52,52.46
F,1.63,63.95
F,1.63,62.93
F,1.53,49.46
F,1.62,60.31
F,1.61,61.12
F,1.55,47.4
F,1.63,69.38
F,1.57,56.82
F,1.57,65.4
F,1.52,46.13
F,1.61,61.42
F,1.65,64.08
F,1.58,60.11
F,1.52,46.31
F,1.64,62.22
F,1.56,67.18
F,1.63,70.34
F,1.56,54.75
F,1.64,61.25
F,1.63,60.48
F,1.74,81.13
F,1.63,66.54
F,1.61,66.97
F,1.65,62.85
F,1.68,62.27
F,1.56,53.13
F,1.64,69.36
F,1.54,53.56
F,1.76,74.29
F,1.68,71.57
F,1.66,65.01
F,1.5,49.83
F,1.65,64.2
F,1.53,52.34
F,1.63,72.27
F,1.5,49.75
F,1.64,62.46
F,1.66,56.01
F,1.7,64.95
F,1.61,61.61
F,1.46,40.72
F,1.74,79.18
F,1.67,68.38
F,1.63,55.22
F,1.69,68.48
F,1.69,70.75
F,1.69,73.75
F,1.62,63.14
F,1.45,42.75
F,1.69,57.65
F,1.54,54.85
F,1.71,76.97
F,1.6,53.08
F,1.52,47.92
F,1.56,57.31
F,1.67,66.76
F,1.67,66.74
F,1.57,52.51
F,1.7,63.87
F,1.57,56.82
F,1.53,57.58
F,1.65,63.68
F,1.56,60.89
F,1.72,78.09
F,1.64,65.07
F,1.65,68.57
F,1.65,68.54
F,1.65,68.24
F,1.73,72.16
F,1.68,58.67
F,1.46,51.01
F,1.6,59.64
F,1.51,57.63
F,1.47,52.79
F,1.47,44.32
F,1.49,49.15
F,1.66,64.73
F,1.65,66.72
F,1.6,52.6
F,1.66,62.52
F,1.68,69.31
F,1.61,59.61
F,1.51,48.7
F,1.62,67.3
F,1.58,51.67
F,1.62,62.04
F,1.64,63.12
F,1.58,61.53
F,1.55,61.27
F,1.6,62.97
F,1.61,65.71
F,1.52,49.61
F,1.72,77.89
F,1.6,66.16
F,1.61,66.95
F,1.59,52.74
F,1.59,54.84
F,1.61,53.27
F,1.6,57.2
F,1.48,59.6
F,1.65,72.93
F,1.62,65.27
F,1.66,65.5
F,1.65,56.79
F,1.63,68.62
F,1.53,56.91
F,1.64,69.35
F,1.7,74.99
F,1.83,80.72
F,1.65,79.13
F,1.54,49.31
F,1.56,61.1
F,1.66,77.62
F,1.62,60.68
F,1.63,65.35
F,1.56,60.29
F,1.62,58.1
F,1.49,48.24
F,1.64,66.24
F,1.66,68.19
F,1.57,58.31
F,1.44,45.3
F,1.5,46.73
F,1.61,57.75
F,1.54,50.42
F,1.59,58.71
F,1.77,73.77
F,1.68,74.78
F,1.55,51.9
F,1.68,67.8
F,1.71,65.45
F,1.63,73.73
F,1.61,57.54
F,1.68,67.85
F,1.58,53.44
F,1.62,66.36
F,1.61,54.93
F,1.65,60.58
F,1.57,51.65
F,1.62,54.7
F,1.67,71.91
F,1.66,71.69
F,1.5,56.34
F,1.65,59.04
F,1.59,57.51
F,1.65,71.65
F,1.53,52.35
F,1.5,48.14
F,1.62,63.44
F,1.58,56.32
F,1.66,69.77
F,1.63,61.25
F,1.72,71.65
F,1.61,65.19
F,1.54,48.46
F,1.55,52.52
F,1.6,53.47
F,1.73,68.1
F,1.54,56.95
F,1.46,44.74
F,1.49,54.54
F,1.59,45.46
F,1.64,69.65
F,1.6,58.27
F,1.7,65.47
F,1.55,48.21
F,1.69,70.47
F,1.62,66.17
F,1.6,61.79
F,1.56,52.42
F,1.68,66.03
F,1.56,53.35
F,1.54,51.72
F,1.58,59.75
F,1.71,76.48
F,1.71,72.7
F,1.66,64.48
F,1.63,57.41
F,1.7,69.84
F,1.64,65.21
F,1.67,63.65
F,1.56,60.14
F,1.65,56.11
F,1.6,63.67
F,1.56,55.82
F,1.63,62.14
F,1.68,57.32
F,1.59,57.34
F,1.58,63.13
F,1.57,64.34
F,1.6,56.65
F,1.61,68.62
F,1.62,55.69
F,1.49,48.11
F,1.66,66.66
F,1.6,58.65
F,1.6,57.37
F,1.57,57.56
F,1.55,51.21
F,1.64,65.29
F,1.69,65.5
F,1.57,60.14
F,1.6,64.17
F,1.71,67.4
F,1.59,54.92
F,1.72,78.11
F,1.6,64.3
F,1.62,55.01
F,1.44,42.52
F,1.73,74.29
F,1.58,66.22
F,1.76,71.15
F,1.6,61.97
F,1.47,46.3
F,1.65,56.75
F,1.54,53.06
F,1.71,68.21
F,1.63,62.69
F,1.55,61.42
F,1.57,57.71
F,1.7,67.5
F,1.58,59.47
F,1.7,70.68
F,1.64,69.32
F,1.67,67.49
F,1.57,56.9
F,1.63,51.03
F,1.64,62.64
F,1.58,67.11
F,1.59,63.67
F,1.6,70.43
F,1.63,68.07
F,1.71,71.07
F,1.63,62.73
F,1.67,70.8
F,1.61,68.6
F,1.78,84.3
F,1.67,65.83
F,1.62,56.77
F,1.67,69.55
F,1.39,35.65
F,1.57,57.71
F,1.71,77.54
F,1.7,70.17
F,1.62,64.86
F,1.48,48.43
F,1.5,47.17
F,1.66,61.21
F,1.57,56.43
F,1.68,69.86
F,1.72,67.07
F,1.66,66.68
F,1.62,61.21
F,1.7,82.46
F,1.67,75.03
F,1.58,54.73
F,1.49,50.14
F,1.86,86.21
F,1.63,63.61
F,1.55,56.45
F,1.53,52.17
F,1.69,69.07
F,1.62,59.62
F,1.67,65.81
F,1.57,60.08
F,1.69,64.84
F,1.73,72.02
F,1.74,74.44
F,1.58,47.69
F,1.6,66.63
F,1.44,38.17
F,1.62,58.25
F,1.65,63.17
F,1.57,60.22
F,1.72,69.02
F,1.59,60.46
F,1.57,53.87
F,1.56,60.19
F,1.68,63.73
F,1.7,70.89
F,1.67,68.98
F,1.63,64.78
F,1.58,58.67
F,1.54,53.58
F,1.63,58.87
F,1.53,56.69
F,1.52,46.47
F,1.54,54.85
F,1.72,71.92
F,1.67,67.61
F,1.59,64.65
F,1.6,57.0
F,1.74,79.37
F,1.62,66.51
F,1.7,73.75
F,1.51,56.64
F,1.58,54.62
F,1.64,67.66
F,1.72,73.18
F,1.62,64.85
F,1.65,70.58
F,1.61,68.96
F,1.62,65.01
F,1.67,63.0
F,1.71,79.38
F,1.63,56.97
F,1.7,70.07
F,1.45,44.81
F,1.59,53.26
F,1.62,62.94
F,1.72,73.55
F,1.52,51.65
F,1.56,57.28
F,1.51,43.51
F,1.63,62.91
F,1.55,51.33
F,1.64,62.66
F,1.67,69.52
F,1.51,49.62
F,1.66,69.36
F,1.67,70.12
F,1.7,68.9
F,1.55,57.63
F,1.54,57.8
F,1.55,58.26
F,1.75,70.62
F,1.64,68.71
F,1.65,67.79
F,1.58,52.82
F,1.71,72.97
F,1.5,42.97
F,1.69,64.1
F,1.59,69.22
F,1.56,57.14
F,1.64,65.09
F,1.5,53.87
F,1.64,69.37
F,1.61,62.69
F,1.52,52.4
F,1.7,77.64
F,1.52,53.88
F,1.63,61.67
F,1.72,76.61
F,1.56,47.31
F,1.58,58.95
F,1.57,60.18
F,1.79,81.67
F,1.57,49.06
F,1.63,63.76
F,1.6,56.87
F,1.61,63.02
F,1.62,67.04
F,1.64,67.09
F,1.6,62.58
F,1.77,80.91
F,1.67,72.22
F,1.7,76.23
F,1.68,65.62
F,1.6,61.86
F,1.57,57.55
F,1.46,57.21
F,1.49,43.89
F,1.6,62.55
F,1.54,54.49
F,1.71,70.99
F,1.54,56.15
F,1.6,73.97
F,1.68,65.2
F,1.54,59.84
F,1.59,55.52
F,1.59,60.04
F,1.66,64.65
F,1.54,57.47
F,1.53,39.03
F,1.65,64.32
F,1.63,56.68
F,1.66,61.78
F,1.58,61.65
F,1.66,62.84
F,1.73,76.2
F,1.64,63.28
F,1.59,59.91
F,1.54,49.95
F,1.52,51.55
F,1.55,52.46
F,1.68,69.99
F,1.55,59.99
F,1.59,59.95
F,1.6,60.58
F,1.62,59.97
F,1.68,66.13
F,1.65,62.78
F,1.45,46.13
F,1.48,47.97
F,1.69,67.88
F,1.61,57.12
F,1.55,58.0
F,1.76,73.73
F,1.59,58.58
F,1.62,51.73
F,1.64,66.91
F,1.72,62.64
F,1.59,56.9
F,1.53,55.75
F,1.56,49.77
F,1.68,61.06
F,1.55,49.75
F,1.68,71.5
F,1.66,63.37
F,1.61,61.84
F,1.53,54.19
F,1.61,61.98
F,1.61,60.59
F,1.62,66.98
F,1.64,63.64
F,1.64,59.1
F,1.55,55.8
F,1.59,66.43
F,1.52,59.59
F,1.61,59.26
F,1.62,63.79
F,1.61,67.99
F,1.55,53.7
F,1.62,65.66
F,1.64,59.47
F,1.59,71.79
F,1.52,56.55
F,1.62,60.92
F,1.65,67.58
F,1.62,65.61
F,1.7,73.46
F,1.59,61.23
F,1.7,72.05
F,1.62,53.73
F,1.71,71.92
F,1.52,54.87
F,1.56,54.53
F,1.59,62.4
F,1.56,57.88
F,1.63,62.87
F,1.61,62.69
F,1.68,69.16
F,1.58,56.57
F,1.61,61.11
F,1.65,68.36
F,1.45,41.57
F,1.63,58.6
F,1.52,46.04
F,1.64,56.35
F,1.78,79.4
F,1.68,68.86
F,1.58,64.58
F,1.58,65.11
F,1.58,55.39
F,1.7,70.77
F,1.64,62.3
F,1.66,62.81
F,1.7,72.39
F,1.55,58.07
F,1.52,45.7
F,1.55,47.04
F,1.6,59.75
F,1.54,48.71
F,1.69,74.88
F,1.64,64.13
F,1.45,42.86
F,1.66,68.32
F,1.57,59.98
F,1.48,44.69
F,1.6,55.44
F,1.68,64.7
F,1.59,67.47
F,1.65,64.34
F,1.79,87.16
F,1.53,52.98
F,1.57,62.99
F,1.46,45.08
F,1.49,41.52
F,1.5,45.05
F,1.64,64.17
F,1.6,67.63
F,1.66,62.15
F,1.58,58.63
F,1.61,61.83
F,1.48,50.16
F,1.61,65.95
F,1.59,59.47
F,1.75,78.37
F,1.65,66.99
F,1.44,46.96
F,1.58,60.87
F,1.59,57.52
F,1.53,50.81
F,1.65,64.6
F,1.64,67.89
F,1.49,52.8
F,1.65,67.85
F,1.67,70.69
F,1.56,48.86
F,1.62,60.46
F,1.64,56.75
F,1.54,45.87
F,1.55,49.67
F,1.57,55.31
F,1.56,56.7
F,1.52,51.27
F,1.64,67.76
F,1.74,68.64
F,1.61,59.1
F,1.58,57.22
F,1.56,66.02
F,1.68,62.82
F,1.46,49.05
F,1.58,56.22
F,1.66,66.19
F,1.7,75.95
F,1.65,65.26
F,1.72,67.35
F,1.54,61.98
F,1.49,46.65
F,1.61,59.16
F,1.7,66.02
F,1.55,56.2
F,1.59,64.66
F,1.57,51.92
F,1.53,48.97
F,1.58,62.03
F,1.66,63.93
F,1.62,64.5
F,1.62,63.19
F,1.64,66.8
F,1.7,74.14
F,1.44,41.55
F,1.77,78.07
F,1.61,62.1
F,1.63,57.78
F,1.59,53.15
F,1.59,57.6
F,1.66,65.66
F,1.72,73.94
F,1.72,75.65
F,1.67,70.67
F,1.67,71.15
F,1.53,56.18
F,1.67,70.42
F,1.55,52.04
F,1.77,75.89
F,1.69,75.26
F,1.63,57.99
F,1.61,62.82
F,1.68,64.23
F,1.5,53.15
F,1.57,57.52
F,1.65,70.0
F,1.6,60.56
F,1.51,46.02
F,1.49,51.24
F,1.68,74.85
F,1.76,84.46
F,1.68,69.54
F,1.66,64.06
F,1.65,66.07
F,1.63,65.7
F,1.4,40.28
F,1.63,62.95
F,1.61,60.18
F,1.62,61.61
F,1.61,59.0
F,1.69,69.05
F,1.72,69.0
F,1.64,70.4
F,1.74,75.25
F,1.62,65.87
F,1.65,66.14
F,1.54,50.98
F,1.51,46.63
F,1.57,60.44
F,1.57,53.62
F,1.6,57.09
F,1.53,46.05
F,1.52,48.47
F,1.66,74.09
F,1.62,68.04
F,1.63,61.35
F,1.56,54.9
F,1.72,69.9
F,1.52,47.16
F,1.72,73.89
F,1.76,75.58
F,1.75,71.36
F,1.69,67.4
F,1.6,64.66
F,1.6,58.16
F,1.54,56.18
F,1.68,73.05
F,1.6,60.9
F,1.61,61.11
F,1.69,65.69
F,1.59,62.25
F,1.67,74.7
F,1.54,47.27
F,1.59,59.55
F,1.56,56.36
F,1.57,62.01
F,1.47,43.06
F,1.54,51.73
F,1.58,58.79
F,1.68,70.93
F,1.56,60.41
F,1.54,50.99
F,1.66,62.13
F,1.58,50.33
F,1.56,53.85
F,1.62,64.57
F,1.67,72.5
F,1.51,45.2
F,1.6,53.81
F,1.66,63.13
F,1.64,73.75
F,1.68,66.93
F,1.69,79.07
F,1.56,56.9
F,1.63,62.73
F,1.62,63.98
F,1.53,59.44
F,1.65,66.05
F,1.64,64.66
F,1.58,63.23
F,1.5,54.96
F,1.59,46.65
F,1.62,65.05
F,1.6,51.76
F,1.63,60.97
F,1.56,55.0
F,1.74,71.08
F,1.56,49.16
F,1.67,69.44
F,1.5,52.04
F,1.62,62.77
F,1.63,68.34
F,1.5,46.89
F,1.68,75.21
F,1.7,74.19
F,1.54,55.67
F,1.67,68.46
F,1.62,66.97
F,1.7,75.07
F,1.67,74.16
F,1.69,70.77
F,1.54,54.06
F,1.66,64.82
F,1.61,53.87
F,1.62,58.78
F,1.55,50.21
F,1.64,66.47
F,1.58,53.96
F,1.79,83.69
F,1.6,57.34
F,1.69,73.66
F,1.67,65.58
F,1.49,47.83
F,1.64,57.46
F,1.65,64.12
F,1.67,71.17
F,1.75,75.22
F,1.56,59.16
F,1.69,74.43
F,1.66,76.81
F,1.62,70.93
F,1.5,59.59
F,1.55,57.04
F,1.62,62.68
F,1.57,60.28
F,1.6,59.71
F,1.76,80.86
F,1.61,58.18
F,1.55,56.43
F,1.57,57.33
F,1.52,54.62
F,1.62,63.42
F,1.61,60.82
F,1.65,68.76
F,1.61,60.04
F,1.59,49.28
F,1.57,61.69
F,1.56,49.47
F,1.64,64.97
F,1.56,55.33
F,1.61,58.31
F,1.55,55.54
F,1.64,59.71
F,1.66,63.22
F,1.54,51.52
F,1.62,67.96
F,1.65,64.45
F,1.52,43.7
F,1.56,53.45
F,1.69,67.29
F,1.57,50.31
F,1.69,82.37
F,1.68,64.13
F,1.48,47.99
F,1.65,59.22
F,1.6,58.24
F,1.57,52.97
F,1.64,64.46
F,1.73,74.47
F,1.59,55.79
F,1.59,57.1
F,1.68,68.58
F,1.65,61.51
F,1.58,62.22
F,1.63,59.0
F,1.68,71.63
F,1.57,50.73
F,1.56,49.0
F,1.64,60.13
F,1.55,56.22
F,1.65,65.03
F,1.7,69.81
F,1.68,70.61
F,1.58,55.58
F,1.59,57.72
F,1.55,56.61
F,1.65,70.26
F,1.72,69.59
F,1.53,57.46
F,1.64,61.93
F,1.6,63.57
F,1.71,69.46
F,1.56,65.14
F,1.67,68.78
F,1.58,58.16
F,1.68,69.28
F,1.55,57.69
F,1.55,46.78
F,1.59,55.19
F,1.6,66.01
F,1.63,64.05
F,1.73,78.7
F,1.65,68.82
F,1.72,73.44
F,1.63,69.06
F,1.72,75.66
F,1.58,64.36
F,1.64,61.55
F,1.64,57.34
F,1.71,70.98
F,1.63,62.33
F,1.59,62.43
F,1.68,72.41
F,1.52,57.33
F,1.75,75.35
F,1.58,66.59
F,1.6,63.78
F,1.63,64.35
F,1.6,60.15
F,1.63,59.73
F,1.49,50.81
F,1.68,69.28
F,1.6,59.86
F,1.59,51.78
F,1.58,54.5
F,1.67,70.56
F,1.68,78.19
F,1.61,61.23
F,1.64,70.17
F,1.65,45.8
F,1.66,61.9
F,1.66,65.32
F,1.58,62.87
F,1.68,76.61
F,1.73,75.1
F,1.63,62.03
F,1.47,53.29
F,1.55,52.26
F,1.63,58.73
F,1.62,63.65
F,1.64,69.11
F,1.71,66.98
F,1.58,58.44
F,1.67,64.97
F,1.61,62.68
F,1.61,60.33
F,1.58,57.56
F,1.64,68.22
F,1.62,58.04
F,1.57,56.68
F,1.58,58.22
F,1.71,68.95
F,1.74,79.09
F,1.7,70.31
F,1.69,66.11
F,1.53,61.98
F,1.53,57.47
F,1.69,71.02
F,1.59,56.99
F,1.63,65.54
F,1.58,50.93
F,1.57,56.78
F,1.65,56.88
F,1.57,52.13
F,1.83,85.47
F,1.53,56.52
F,1.58,50.46
F,1.48,41.86
F,1.63,61.5
F,1.59,59.41
F,1.71,73.43
F,1.72,78.63
F,1.49,45.74
F,1.57,56.11
F,1.62,66.51
F,1.53,55.11
F,1.58,61.78
F,1.65,68.39
F,1.72,66.8
F,1.72,72.34
F,1.62,62.07
F,1.6,61.66
F,1.66,62.12
F,1.65,63.07
F,1.57,59.96
F,1.61,65.98
F,1.55,47.76
F,1.75,80.21
F,1.59,67.88
F,1.6,64.14
F,1.53,53.71
F,1.64,65.42
F,1.69,69.26
F,1.52,58.57
F,1.6,56.2
F,1.61,54.13
F,1.57,51.13
F,1.75,76.94
F,1.59,52.21
F,1.67,67.01
F,1.75,87.38
F,1.61,59.0
F,1.64,64.93
F,1.56,48.21
F,1.59,55.21
F,1.68,69.51
F,1.7,67.04
F,1.52,50.27
F,1.68,72.92
F,1.63,65.98
F,1.55,61.25
F,1.61,61.24
F,1.72,72.69
F,1.5,48.91
F,1.7,60.43
F,1.62,72.09
F,1.71,75.0
F,1.65,62.55
F,1.57,53.05
F,1.53,52.27
F,1.68,69.57
F,1.69,69.65
F,1.46,43.67
F,1.52,50.17
F,1.56,55.75
F,1.71,73.23
F,1.61,65.28
F,1.65,57.62
F,1.57,53.89
F,1.79,88.79
F,1.58,50.78
F,1.77,88.1
F,1.81,73.62
F,1.64,54.28
F,1.76,78.99
F,1.54,46.88
F,1.73,83.53
F,1.57,63.1
F,1.6,58.84
F,1.71,71.79
F,1.55,52.81
F,1.64,63.04
F,1.59,65.21
F,1.47,35.16
F,1.6,58.08
F,1.61,60.68
F,1.69,69.4
F,1.57,49.99
F,1.67,71.54
F,1.59,62.56
F,1.61,59.61
F,1.64,67.04
F,1.63,66.93
F,1.74,70.93
F,1.54,57.33
F,1.55,52.2
F,1.6,59.46
F,1.56,60.77
F,1.74,82.27
F,1.63,62.98
F,1.55,60.31
F,1.61,55.64
F,1.66,61.59
F,1.68,63.38
F,1.66,66.87
F,1.64,66.53
F,1.55,59.09
F,1.66,65.27
F,1.65,61.03
F,1.7,70.17
F,1.59,73.15
F,1.6,56.75
F,1.64,68.37
F,1.52,51.1
F,1.53,47.36
F,1.55,57.98
F,1.7,65.7
F,1.72,76.52
F,1.67,58.51
F,1.56,47.35
F,1.56,55.02
F,1.57,53.86
F,1.53,43.72
F,1.53,54.51
F,1.57,51.27
F,1.72,73.62
F,1.58,64.08
F,1.6,53.91
F,1.57,61.86
F,1.56,58.04
F,1.59,60.86
F,1.49,44.62
F,1.6,58.1
F,1.5,45.57
F,1.69,62.19
F,1.63,60.72
F,1.61,55.23
F,1.65,70.66
F,1.7,71.88
F,1.59,61.59
F,1.55,59.57
F,1.56,57.15
F,1.67,69.67
F,1.47,50.81
F,1.49,46.96
F,1.59,53.91
F,1.57,60.57
F,1.55,57.9
F,1.56,53.75
F,1.55,55.59
F,1.52,48.43
F,1.42,39.59
F,1.49,50.26
F,1.59,58.75
F,1.52,53.73
F,1.67,64.85
F,1.5,47.59
F,1.6,57.53
F,1.73,80.82
F,1.59,62.77
F,1.69,73.35
F,1.68,74.31
F,1.59,58.03
F,1.59,56.67
F,1.73,73.98
F,1.56,48.77
F,1.62,60.94
F,1.74,69.72
F,1.59,72.85
F,1.62,61.33
F,1.62,57.07
F,1.54,57.74
F,1.61,58.57
F,1.65,66.42
F,1.64,66.77
F,1.51,45.76
F,1.59,60.35
F,1.6,61.3
F,1.63,68.79
F,1.63,58.15
F,1.62,72.84
F,1.71,66.67
F,1.68,65.22
F,1.69,76.71
F,1.6,62.18
F,1.63,59.59
F,1.56,55.85
F,1.59,55.25
F,1.72,67.91
F,1.57,57.31
F,1.73,62.98
F,1.64,60.41
F,1.63,68.74
F,1.67,61.43
F,1.6,63.21
F,1.59,48.48
F,1.49,43.43
F,1.61,65.76
F,1.58,55.57
F,1.45,44.95
F,1.62,65.17
F,1.56,54.09
F,1.72,72.35
F,1.56,53.59
F,1.57,54.33
F,1.56,54.92
F,1.55,55.67
F,1.55,49.54
F,1.6,56.46
F,1.65,66.52
F,1.62,63.9
F,1.53,45.43
F,1.67,72.32
F,1.59,52.57
F,1.66,73.5
F,1.54,50.51
F,1.5,49.03
F,1.58,54.9
F,1.65,59.68
F,1.63,65.11
F,1.59,55.23
F,1.63,66.26
F,1.55,55.94
F,1.62,62.04
F,1.63,70.05
F,1.56,63.94
F,1.46,42.81
F,1.78,79.2
F,1.75,73.08
F,1.64,59.58
F,1.57,59.1
F,1.71,70.79
F,1.69,71.07
F,1.57,46.58
F,1.72,75.5
F,1.65,64.98
F,1.66,68.2
F,1.62,54.92
F,1.54,50.21
F,1.57,55.35
F,1.53,56.56
F,1.64,64.45
F,1.52,52.79
F,1.62,57.48
F,1.59,59.94
F,1.49,46.88
F,1.57,51.0
F,1.53,51.84
F,1.63,57.44
F,1.66,72.85
F,1.69,70.99
F,1.78,74.36
F,1.52,43.51
F,1.6,57.96
F,1.51,47.19
F,1.65,66.15
F,1.57,64.59
F,1.56,59.7
F,1.52,48.86
F,1.58,60.98
F,1.56,55.8
F,1.65,69.57
F,1.69,68.91
F,1.55,64.05
F,1.58,66.83
F,1.61,55.17
F,1.55,48.12
F,1.5,48.11
F,1.65,68.98
F,1.6,61.71
F,1.65,68.1
F,1.68,69.44
F,1.51,57.6
F,1.69,76.59
F,1.69,62.86
F,1.65,72.02
F,1.61,56.88
F,1.64,61.43
F,1.73,69.44
F,1.54,50.51
F,1.65,70.2
F,1.51,56.43
F,1.7,68.64
F,1.81,84.21
F,1.66,65.54
F,1.71,74.08
F,1.6,64.66
F,1.55,52.56
F,1.66,62.27
F,1.5,50.16
F,1.6,64.26
F,1.6,53.98
F,1.68,69.14
F,1.69,73.02
F,1.53,52.73
F,1.63,68.89
F,1.61,70.15
F,1.73,69.14
F,1.66,63.53
F,1.6,54.26
F,1.61,58.28
F,1.69,73.09
F,1.69,69.2
F,1.58,57.39
F,1.51,52.26
F,1.57,55.64
F,1.72,73.17
F,1.64,72.62
F,1.52,54.83
F,1.56,55.36
F,1.53,51.18
F,1.56,62.18
F,1.66,67.15
F,1.46,47.96
F,1.65,60.9
F,1.63,67.09
F,1.61,62.68
F,1.58,63.78
F,1.71,76.26
F,1.64,60.44
F,1.61,62.7
F,1.62,62.35
F,1.54,54.73
F,1.56,50.12
F,1.63,55.28
F,1.53,50.03
F,1.7,74.74
F,1.67,63.96
F,1.53,37.28
F,1.5,41.06
F,1.73,80.54
F,1.59,48.08
F,1.64,64.53
F,1.61,62.59
F,1.59,54.26
F,1.68,70.86
F,1.64,72.92
F,1.67,62.35
F,1.68,70.26
F,1.63,66.77
F,1.6,60.39
F,1.59,66.13
F,1.61,70.52
F,1.69,75.69
F,1.68,67.92
F,1.64,61.41
F,1.63,65.02
F,1.66,72.18
F,1.69,72.34
F,1.52,50.37
F,1.63,62.51
F,1.66,74.62
F,1.62,55.97
F,1.61,69.48
F,1.74,69.54
F,1.71,79.51
F,1.66,71.28
F,1.71,73.01
F,1.65,64.64
F,1.74,77.97
F,1.59,53.23
F,1.63,60.8
F,1.7,60.9
F,1.62,61.53
F,1.62,62.98
F,1.55,53.13
F,1.58,62.89
F,1.62,62.22
F,1.7,68.59
F,1.57,51.69
F,1.57,54.97
F,1.65,74.36
F,1.52,50.45
F,1.49,44.68
F,1.56,59.73
F,1.68,73.02
F,1.71,71.09
F,1.67,72.29
F,1.59,62.71
F,1.59,51.19
F,1.53,53.86
F,1.63,66.86
F,1.61,63.36
F,1.53,51.37
F,1.66,66.83
F,1.63,63.29
F,1.72,64.06
F,1.55,56.23
F,1.61,67.24
F,1.42,35.33
F,1.54,45.89
F,1.66,61.19
F,1.52,53.47
F,1.65,67.29
F,1.53,46.35
F,1.52,50.86
F,1.52,44.11
F,1.62,63.32
F,1.65,65.97
F,1.55,53.0
F,1.68,67.32
F,1.58,63.04
F,1.71,65.73
F,1.63,59.79
F,1.66,68.73
F,1.6,60.28
F,1.77,81.07
F,1.54,51.65
F,1.59,56.55
F,1.62,61.97
F,1.7,70.13
F,1.58,54.85
F,1.5,59.49
F,1.48,51.66
F,1.52,50.25
F,1.58,59.82
F,1.55,55.79
F,1.69,69.65
F,1.54,52.73
F,1.66,72.16
F,1.52,52.18
F,1.67,59.54
F,1.63,58.03
F,1.64,58.56
F,1.62,58.19
F,1.55,56.48
F,1.77,80.2
F,1.63,59.26
F,1.7,70.87
F,1.48,43.14
F,1.63,70.02
F,1.71,74.2
F,1.7,64.75
F,1.54,54.41
F,1.65,60.33
F,1.52,54.37
F,1.66,74.91
F,1.6,61.2
F,1.55,59.67
F,1.57,63.26
F,1.64,62.49
F,1.45,45.07
F,1.67,70.35
F,1.67,68.88
F,1.67,73.81
F,1.52,48.82
F,1.63,55.76
F,1.63,66.49
F,1.78,75.99
F,1.71,68.62
F,1.54,49.2
F,1.65,51.58
F,1.59,58.64
F,1.6,57.68
F,1.64,61.99
F,1.59,56.44
F,1.64,68.98
F,1.61,60.83
F,1.77,79.22
F,1.6,57.46
F,1.67,64.47
F,1.57,62.04
F,1.51,53.91
F,1.57,51.77
F,1.65,66.0
F,1.69,70.71
F,1.61,66.66
F,1.52,54.54
F,1.66,68.94
F,1.63,62.81
F,1.65,58.16
F,1.68,70.25
F,1.62,60.99
F,1.64,60.9
F,1.64,66.4
F,1.52,42.89
F,1.58,56.37
F,1.64,65.06
F,1.59,47.19
F,1.58,56.26
F,1.67,64.75
F,1.75,66.7
F,1.55,48.74
F,1.52,56.14
F,1.75,69.38
F,1.56,48.74
F,1.59,64.05
F,1.64,59.26
F,1.53,63.39
F,1.69,70.65
F,1.6,60.62
F,1.66,54.81
F,1.65,66.72
F,1.53,49.11
F,1.68,70.08
F,1.72,73.28
F,1.62,69.95
F,1.57,58.76
F,1.66,71.52
F,1.64,64.2
F,1.58,56.04
F,1.62,75.55
F,1.64,64.87
F,1.58,60.13
F,1.72,74.55
F,1.52,43.37
F,1.56,53.61
F,1.77,78.93
F,1.61,57.39
F,1.61,69.26
F,1.58,60.12
F,1.5,45.91
F,1.53,45.03
F,1.7,73.0
F,1.63,67.24
F,1.67,68.86
F,1.63,62.96
F,1.59,60.06
F,1.54,56.44
F,1.65,63.52
F,1.57,62.29
F,1.54,59.97
F,1.66,66.32
F,1.65,74.41
F,1.65,64.58
F,1.61,56.05
F,1.6,57.85
F,1.57,55.52
F,1.55,64.18
F,1.68,76.07
F,1.77,85.17
F,1.71,67.41
F,1.63,61.03
F,1.63,64.0
F,1.53,55.4
F,1.64,71.19
F,1.62,60.6
F,1.76,76.08
F,1.54,53.71
F,1.66,65.52
F,1.67,65.74
F,1.55,53.51
F,1.61,62.09
F,1.62,64.17
F,1.69,67.38
F,1.62,64.43
F,1.64,64.79
F,1.59,58.58
F,1.63,61.23
F,1.62,67.42
F,1.53,52.06
F,1.57,56.52
F,1.69,76.5
F,1.62,61.25
F,1.64,64.65
F,1.65,61.02
F,1.64,61.67
F,1.64,69.34
F,1.6,64.37
F,1.65,65.68
F,1.58,66.22
F,1.55,52.27
F,1.6,65.18
F,1.56,53.54
F,1.64,60.5
F,1.7,69.63
F,1.66,63.25
F,1.68,65.26
F,1.6,54.89
F,1.62,56.94
F,1.58,60.33
F,1.56,49.35
F,1.61,59.09
F,1.59,53.27
F,1.58,61.85
F,1.51,51.77
F,1.6,57.16
F,1.63,70.54
F,1.74,74.34
F,1.64,68.13
F,1.61,54.74
F,1.54,53.14
F,1.62,67.75
F,1.66,67.91
F,1.62,64.35
F,1.49,50.64
F,1.52,52.96
F,1.69,73.79
F,1.56,55.66
F,1.57,60.01
F,1.55,44.04
F,1.78,82.61
F,1.57,58.49
F,1.65,63.67
F,1.62,71.62
F,1.51,48.92
F,1.49,48.91
F,1.68,68.86
F,1.61,57.98
F,1.57,60.62
F,1.61,65.2
F,1.67,63.15
F,1.65,62.11
F,1.47,47.38
F,1.58,54.73
F,1.62,60.89
F,1.62,66.36
F,1.56,60.11
F,1.65,63.87
F,1.7,70.2
F,1.73,72.77
F,1.65,69.13
F,1.8,82.59
F,1.75,84.73
F,1.58,58.97
F,1.59,58.62
F,1.7,71.9
F,1.53,55.17
F,1.59,64.37
F,1.75,81.48
F,1.61,58.65
F,1.58,59.87
F,1.62,62.52
F,1.7,72.23
F,1.64,68.83
F,1.52,51.23
F,1.51,50.67
F,1.71,62.83
F,1.56,50.92
F,1.61,61.6
F,1.67,77.5
F,1.75,74.96
F,1.64,65.23
F,1.7,72.98
F,1.56,51.04
F,1.67,73.07
F,1.55,52.03
F,1.56,50.83
F,1.68,70.83
F,1.57,59.9
F,1.62,68.61
F,1.49,47.36
F,1.63,67.67
F,1.71,77.49
F,1.55,63.09
F,1.67,63.67
F,1.55,50.61
F,1.67,60.75
F,1.57,56.93
F,1.63,66.17
F,1.51,54.05
F,1.59,57.07
F,1.56,58.35
F,1.62,62.07
F,1.64,66.5
F,1.56,52.11
F,1.75,79.24
F,1.65,65.43
F,1.58,56.95
F,1.65,66.56
F,1.63,62.37
F,1.55,54.32
F,1.47,43.39
F,1.58,56.12
F,1.64,55.79
F,1.62,53.92
F,1.71,70.53
F,1.61,56.92
F,1.58,65.64
F,1.72,69.59
F,1.72,75.79
F,1.65,67.07
F,1.51,48.24
F,1.68,72.8
F,1.65,71.15
F,1.63,65.14
F,1.66,74.59
F,1.65,58.52
F,1.6,60.63
F,1.64,69.66
F,1.53,52.67
F,1.51,59.4
F,1.6,58.81
F,1.63,70.42
F,1.59,61.73
F,1.66,62.64
F,1.51,56.61
F,1.68,74.81
F,1.53,61.1
F,1.56,55.17
F,1.66,66.25
F,1.6,62.8
F,1.65,65.17
F,1.64,68.11
F,1.71,69.11
F,1.5,53.24
F,1.58,60.12
F,1.56,54.88
F,1.53,50.15
F,1.61,58.93
F,1.66,70.73
F,1.71,68.8
F,1.54,59.53
F,1.54,52.84
F,1.64,62.19
F,1.71,73.38
F,1.68,61.51
F,1.48,47.06
F,1.61,63.43
F,1.71,70.63
F,1.57,46.05
F,1.59,51.06
F,1.57,60.22
F,1.51,48.92
F,1.59,54.64
F,1.64,68.8
F,1.64,65.45
F,1.56,57.6
F,1.65,58.38
F,1.63,63.01
F,1.62,63.97
F,1.64,68.38
F,1.62,66.0
F,1.63,69.41
F,1.63,65.83
F,1.7,70.53
F,1.55,47.56
F,1.67,68.81
F,1.67,73.34
F,1.73,77.49
F,1.57,58.33
F,1.65,61.32
F,1.49,51.05
F,1.56,57.21
F,1.73,73.04
F,1.68,63.33
F,1.69,72.18
F,1.62,64.64
F,1.61,58.64
F,1.7,71.92
F,1.69,73.83
F,1.71,70.25
F,1.62,61.82
F,1.6,55.4
F,1.55,51.3
F,1.57,61.81
F,1.58,55.24
F,1.63,61.67
F,1.62,66.0
F,1.6,60.31
F,1.59,63.26
F,1.79,82.09
F,1.75,74.34
F,1.62,64.73
F,1.65,68.25
F,1.65,66.12
F,1.74,79.78
F,1.64,67.95
F,1.65,65.1
F,1.56,58.79
F,1.69,78.4
F,1.56,57.36
F,1.6,63.23
F,1.46,44.53
F,1.67,64.79
F,1.57,62.18
F,1.63,56.66
F,1.64,61.35
F,1.45,40.56
F,1.57,46.48
F,1.53,51.92
F,1.62,63.31
F,1.71,71.76
F,1.69,73.9
F,1.52,53.4
F,1.54,55.56
F,1.59,56.39
F,1.74,78.59
F,1.73,76.87
F,1.51,53.68
F,1.64,58.17
F,1.59,62.05
F,1.7,73.62
F,1.83,87.33
F,1.62,63.16
F,1.63,61.51
F,1.59,57.1
F,1.68,62.44
F,1.6,67.46
F,1.62,62.33
F,1.62,58.64
F,1.57,49.1
F,1.64,64.1
F,1.56,61.98
F,1.58,66.59
F,1.58,59.93
F,1.54,49.6
F,1.61,63.96
F,1.48,49.96
F,1.55,51.24
F,1.51,46.84
F,1.53,61.95
F,1.68,69.24
F,1.76,76.31
F,1.68,69.4
F,1.58,57.37
F,1.62,60.24
F,1.74,74.04
F,1.59,53.13
F,1.67,66.53
F,1.51,52.27
F,1.59,59.68
F,1.6,61.49
F,1.76,68.63
F,1.59,59.94
F,1.57,46.76
F,1.57,56.64
F,1.61,57.75
F,1.62,60.92
F,1.62,66.03
F,1.71,68.26
F,1.57,45.91
F,1.52,50.48
F,1.64,57.77
F,1.64,65.5
F,1.54,63.16
F,1.68,69.43
F,1.75,78.12
F,1.57,59.39
F,1.56,52.8
F,1.64,63.01
F,1.68,74.3
F,1.68,58.15
F,1.55,59.13
F,1.62,66.43
F,1.59,57.16
F,1.62,57.56
F,1.57,53.8
F,1.6,59.78
F,1.54,54.07
F,1.41,38.83
F,1.65,66.48
F,1.56,56.93
F,1.53,52.36
F,1.56,57.9
F,1.72,71.51
F,1.7,71.49
F,1.66,66.76
F,1.61,62.04
F,1.69,73.75
F,1.65,67.91
F,1.68,66.18
F,1.63,59.66
F,1.69,69.85
F,1.59,59.84
F,1.54,54.71
F,1.59,58.31
F,1.72,70.74
F,1.67,75.64
F,1.58,56.62
F,1.62,66.53
F,1.67,70.49
F,1.57,52.94
F,1.54,51.91
F,1.64,58.41
F,1.67,63.95
F,1.53,46.38
F,1.72,72.21
F,1.68,71.0
F,1.71,77.23
F,1.65,71.13
F,1.57,61.13
F,1.68,70.28
F,1.68,63.42
F,1.64,65.28
F,1.63,62.86
F,1.62,53.01
F,1.67,67.34
F,1.64,60.5
F,1.51,52.7
F,1.79,83.85
F,1.69,70.95
F,1.59,55.7
F,1.56,53.82
F,1.8,87.64
F,1.65,60.05
F,1.6,64.86
F,1.7,72.09
F,1.58,62.31
F,1.53,53.62
F,1.55,46.34
F,1.69,66.94
F,1.62,65.91
F,1.69,69.72
F,1.56,67.31
F,1.76,76.71
F,1.79,88.02
F,1.58,55.11
F,1.59,55.73
F,1.63,63.03
F,1.59,66.91
F,1.64,61.51
F,1.54,59.75
F,1.58,56.46
F,1.54,51.33
F,1.69,69.54
F,1.61,58.34
F,1.67,63.27
F,1.71,71.31
F,1.56,53.21
F,1.67,64.87
F,1.59,54.42
F,1.64,54.92
F,1.74,74.23
F,1.7,75.62
F,1.48,41.74
F,1.71,72.56
F,1.73,81.11
F,1.69,64.79
F,1.58,62.92
F,1.61,55.4
F,1.68,71.59
F,1.54,54.23
F,1.68,67.27
F,1.53,52.64
F,1.61,67.62
F,1.66,65.33
F,1.68,66.83
F,1.58,56.08
F,1.56,59.5
F,1.65,66.58
F,1.59,59.02
F,1.66,58.56
F,1.56,44.6
F,1.62,66.39
F,1.55,46.99
F,1.64,66.91
F,1.64,69.52
F,1.54,50.03
F,1.71,70.13
F,1.58,57.87
F,1.56,58.3
F,1.6,67.13
F,1.68,68.81
F,1.57,60.27
F,1.66,54.96
F,1.61,56.47
F,1.57,49.9
F,1.6,54.37
F,1.57,58.18
F,1.5,44.79
F,1.55,56.66
F,1.54,54.0
F,1.63,64.25
F,1.66,68.43
F,1.54,47.29
F,1.6,63.96
F,1.62,69.72
F,1.59,56.59
F,1.49,53.19
F,1.66,63.45
F,1.58,61.8
F,1.62,64.27
F,1.69,67.95
F,1.6,62.95
F,1.54,54.07
F,1.55,59.15
F,1.46,37.66
F,1.63,63.44
F,1.63,58.34
F,1.68,72.3
F,1.68,68.96
F,1.59,55.62
F,1.61,52.55
F,1.62,56.74
F,1.61,62.17
F,1.64,61.14
F,1.65,67.33
F,1.65,66.07
F,1.53,56.9
F,1.56,58.69
F,1.61,56.45
F,1.57,65.68
F,1.6,62.33
F,1.65,64.57
F,1.59,60.53
F,1.68,66.84
F,1.53,57.47
F,1.65,66.0
F,1.47,52.14
F,1.64,68.91
F,1.67,73.05
F,1.54,47.02
F,1.54,52.22
F,1.54,58.99
F,1.59,65.27
F,1.67,59.48
F,1.64,78.33
F,1.73,76.65
F,1.57,53.15
F,1.62,52.98
F,1.43,41.2
F,1.67,71.11
F,1.58,57.61
F,1.64,65.65
F,1.6,59.59
F,1.51,48.79
F,1.52,58.7
F,1.67,63.28
F,1.7,69.94
F,1.6,63.1
F,1.65,62.77
F,1.59,55.97
F,1.65,66.23
F,1.55,64.55
F,1.65,62.4
F,1.6,63.7
F,1.68,70.12
F,1.65,68.9
F,1.63,63.64
F,1.57,56.24
F,1.61,61.84
F,1.55,46.6
F,1.69,72.75
F,1.5,49.45
F,1.53,56.85
F,1.53,59.94
F,1.64,65.73
F,1.73,75.95
F,1.75,70.74
F,1.74,75.35
F,1.63,63.96
F,1.66,67.84
F,1.72,68.87
F,1.66,61.86
F,1.57,55.14
F,1.6,66.69
F,1.57,60.53
F,1.62,64.05
F,1.62,64.11
F,1.68,65.75
F,1.72,74.11
F,1.67,66.97
F,1.68,73.14
F,1.59,52.07
F,1.63,63.82
F,1.57,57.5
F,1.56,56.78
F,1.56,64.64
F,1.68,70.76
F,1.5,51.35
F,1.68,71.18
F,1.52,50.95
F,1.48,46.41
F,1.59,58.85
F,1.53,49.28
F,1.66,62.36
F,1.62,58.03
F,1.67,72.48
F,1.64,58.04
F,1.6,51.32
F,1.57,53.45
F,1.56,53.89
F,1.68,65.62
F,1.59,53.34
F,1.77,76.11
F,1.66,66.04
F,1.57,66.44
F,1.72,72.99
F,1.52,43.37
F,1.71,69.87
F,1.49,46.47
F,1.65,67.58
F,1.67,76.56
F,1.63,62.41
F,1.63,56.94
F,1.69,71.54
F,1.65,64.14
F,1.58,55.22
F,1.61,75.1
F,1.61,60.88
F,1.59,63.41
F,1.72,69.95
F,1.68,64.21
F,1.55,46.44
F,1.57,56.15
F,1.76,81.18
F,1.54,52.43
F,1.74,78.3
F,1.56,60.04
F,1.56,56.88
F,1.6,58.51
F,1.71,76.33
F,1.55,55.24
F,1.72,79.3
F,1.73,70.15
F,1.68,71.16
F,1.67,75.06
F,1.68,59.36
F,1.56,59.98
F,1.49,51.78
F,1.56,58.21
F,1.57,62.32
F,1.56,56.27
F,1.69,68.65
F,1.58,53.16
F,1.66,61.79
F,1.66,69.31
F,1.7,65.8
F,1.73,78.0
F,1.48,46.86
F,1.63,73.36
F,1.64,67.0
F,1.58,59.23
F,1.63,62.02
F,1.66,63.31
F,1.5,48.74
F,1.63,64.85
F,1.61,68.25
F,1.49,53.4
F,1.62,60.67
F,1.51,49.88
F,1.65,61.58
F,1.59,68.15
F,1.6,63.64
F,1.58,64.71
F,1.71,74.87
F,1.6,58.66
F,1.67,72.12
F,1.59,53.61
F,1.6,56.99
F,1.78,83.55
F,1.59,56.45
F,1.7,67.28
F,1.53,45.62
F,1.66,74.48
F,1.68,56.85
F,1.62,66.5
F,1.58,57.78
F,1.62,59.6
F,1.63,56.22
F,1.71,83.34
F,1.58,54.03
F,1.56,60.31
F,1.59,55.23
F,1.68,78.64
F,1.74,68.58
F,1.6,62.56
F,1.48,48.89
F,1.53,50.38
F,1.56,44.02
F,1.66,70.05
F,1.53,55.24
F,1.57,53.09
F,1.51,51.88
F,1.62,56.61
F,1.59,60.19
F,1.68,73.1
F,1.58,51.46
F,1.76,75.71
F,1.57,55.17
F,1.59,51.41
F,1.69,62.48
F,1.56,51.2
F,1.52,49.46
F,1.64,64.93
F,1.52,51.84
F,1.64,70.31
F,1.7,74.69
F,1.64,63.23
F,1.58,61.97
F,1.49,43.08
F,1.62,66.4
F,1.71,77.02
F,1.62,63.27
F,1.52,44.64
F,1.67,73.36
F,1.63,65.09
F,1.6,60.24
F,1.64,63.53
F,1.62,58.56
F,1.7,81.19
F,1.48,50.0
F,1.62,60.32
F,1.63,64.03
F,1.57,48.71
F,1.61,54.0
F,1.69,70.63
F,1.6,55.0
F,1.56,57.52
F,1.6,59.69
F,1.58,60.68
F,1.62,59.49
F,1.67,72.63
F,1.64,67.85
F,1.55,58.85
F,1.66,70.21
F,1.63,68.93
F,1.54,51.88
F,1.52,55.27
F,1.61,59.73
F,1.69,68.56
F,1.53,58.14
F,1.63,62.84
F,1.6,57.63
F,1.54,56.7
F,1.44,46.25
F,1.76,76.86
F,1.58,62.96
F,1.67,73.72
F,1.57,62.47
F,1.64,68.7
F,1.69,72.43
F,1.73,76.37
F,1.64,59.73
F,1.62,64.15
F,1.71,67.95
F,1.61,58.54
F,1.55,61.21
F,1.7,66.11
F,1.7,68.41
F,1.76,71.87
F,1.58,65.42
F,1.66,66.55
F,1.78,78.94
F,1.62,64.79
F,1.56,46.67
F,1.55,55.17
F,1.7,76.15
F,1.71,63.47
F,1.61,62.49
F,1.5,46.28
F,1.66,62.59
F,1.64,68.51
F,1.62,63.38
F,1.53,55.73
F,1.64,64.55
F,1.69,73.62
F,1.58,60.82
F,1.65,71.17
F,1.52,48.08
F,1.54,50.34
F,1.57,62.21
F,1.68,63.86
F,1.67,68.03
F,1.57,64.78
F,1.56,59.1
F,1.58,60.96
F,1.6,55.14
F,1.62,65.22
F,1.63,59.28
F,1.56,58.4
F,1.51,55.41
F,1.65,68.2
F,1.68,60.22
F,1.64,71.39
F,1.62,58.68
F,1.5,49.53
F,1.6,60.31
F,1.64,64.89
F,1.58,53.98
F,1.7,78.22
F,1.62,66.62
F,1.7,70.86
F,1.66,60.36
F,1.58,62.06
F,1.63,66.18
F,1.71,78.27
F,1.65,59.2
F,1.53,56.4
F,1.57,57.82
F,1.69,73.49
F,1.62,65.63
F,1.67,66.41
F,1.66,69.32
F,1.61,60.71
F,1.66,54.07
F,1.68,63.11
F,1.6,67.0
F,1.65,56.5
F,1.62,67.69
F,1.64,59.15
F,1.59,57.47
F,1.65,57.68
F,1.66,67.1
F,1.55,53.98
F,1.6,62.51
F,1.54,51.09
F,1.63,57.21
F,1.67,72.18
F,1.55,57.38
F,1.71,68.91
F,1.6,68.06
F,1.68,69.05
F,1.6,63.15
F,1.67,68.94
F,1.66,68.0
F,1.66,64.61
F,1.66,70.15
F,1.62,63.82
F,1.58,57.29
F,1.63,65.25
F,1.64,64.52
F,1.63,64.08
F,1.69,67.56
F,1.63,66.17
F,1.65,70.06
F,1.54,47.49
F,1.59,58.08
F,1.61,61.07
F,1.59,60.48
F,1.48,51.33
F,1.63,59.09
F,1.65,70.09
F,1.58,56.54
F,1.7,68.67
F,1.63,69.26
F,1.64,67.55
F,1.58,60.93
F,1.56,58.31
F,1.63,59.96
F,1.61,60.92
F,1.7,71.0
F,1.57,54.58
F,1.62,62.87
F,1.63,62.58
F,1.65,62.43
F,1.48,51.47
F,1.74,82.24
F,1.72,74.91
F,1.64,61.32
F,1.62,67.96
F,1.53,53.77
F,1.57,62.89
F,1.69,76.4
F,1.67,72.99
F,1.55,50.68
F,1.65,63.42
F,1.56,56.71
F,1.69,66.98
F,1.63,74.38
F,1.53,57.53
F,1.55,61.07
F,1.58,50.97
F,1.61,59.24
F,1.63,59.72
F,1.73,75.55
F,1.54,62.08
F,1.62,58.47
F,1.6,56.38
F,1.66,61.24
F,1.61,59.69
F,1.62,62.45
F,1.6,60.3
F,1.55,52.69
F,1.66,59.22
F,1.54,59.47
F,1.63,59.35
F,1.55,52.17
F,1.58,68.52
F,1.66,69.41
F,1.63,66.0
F,1.62,60.35
F,1.69,66.41
F,1.52,44.49
F,1.69,68.59
F,1.64,71.17
F,1.68,65.93
F,1.75,76.38
F,1.66,63.21
F,1.66,54.33
F,1.62,60.37
F,1.62,62.36
F,1.53,44.11
F,1.61,55.14
F,1.6,61.74
F,1.61,55.59
F,1.54,49.76
F,1.56,55.29
F,1.7,59.74
F,1.57,52.13
F,1.58,65.05
F,1.61,62.61
F,1.69,68.5
F,1.6,61.71
F,1.61,62.21
F,1.64,59.74
F,1.67,69.64
F,1.49,44.98
F,1.72,65.73
F,1.69,75.4
F,1.54,55.8
F,1.6,61.22
F,1.54,58.07
F,1.55,64.59
F,1.73,75.6
F,1.63,56.29
F,1.58,60.46
F,1.59,59.18
F,1.64,65.43
F,1.56,59.33
F,1.65,64.5
F,1.55,54.74
F,1.59,58.13
F,1.58,63.11
F,1.48,45.75
F,1.55,50.17
F,1.61,61.18
F,1.71,64.7
F,1.62,61.86
F,1.67,59.7
F,1.61,66.03
F,1.66,60.01
F,1.51,49.09
F,1.66,70.12
F,1.58,66.42
F,1.63,67.28
F,1.59,60.84
F,1.52,45.3
F,1.62,61.95
F,1.64,65.58
F,1.65,68.69
F,1.69,59.98
F,1.62,71.11
F,1.64,75.0
F,1.65,60.47
F,1.55,52.11
F,1.67,72.69
F,1.64,70.24
F,1.57,62.08
F,1.66,71.63
F,1.62,68.72
F,1.64,68.59
F,1.37,29.34
F,1.62,73.31
F,1.62,56.87
F,1.55,54.3
F,1.59,62.83
F,1.7,67.99
F,1.57,66.32
F,1.58,55.07
F,1.69,61.65
F,1.62,62.07
F,1.54,55.07
F,1.64,70.79
F,1.57,58.67
F,1.64,64.89
F,1.67,65.69
F,1.59,67.86
F,1.57,59.21
F,1.57,53.96
F,1.53,48.4
F,1.6,62.91
F,1.6,57.99
F,1.54,54.68
F,1.61,55.54
F,1.59,55.25
F,1.52,42.27
F,1.72,85.67
F,1.45,48.08
F,1.68,65.16
F,1.59,55.89
F,1.61,58.81
F,1.63,68.84
F,1.58,56.37
F,1.61,58.51
F,1.46,50.95
F,1.62,62.59
F,1.57,67.67
F,1.58,53.0
F,1.61,59.1
F,1.57,59.77
F,1.65,67.28
F,1.54,55.06
F,1.69,65.21
F,1.62,60.59
F,1.63,56.77
F,1.61,68.79
F,1.57,59.81
F,1.62,67.7
F,1.63,64.14
F,1.64,64.06
F,1.61,58.14
F,1.7,68.44
F,1.64,65.6
F,1.58,63.93
F,1.79,72.02
F,1.7,76.48
F,1.59,73.03
F,1.64,68.41
F,1.62,69.47
F,1.57,53.12
F,1.57,62.87
F,1.72,67.86
F,1.6,60.1
F,1.67,63.72
F,1.57,54.88
F,1.65,63.71
F,1.54,50.75
F,1.53,46.15
F,1.6,57.44
F,1.55,58.95
F,1.64,59.19
F,1.64,67.56
F,1.54,51.8
F,1.53,45.48
F,1.7,76.23
F,1.53,52.68
F,1.57,61.91
F,1.62,65.35
F,1.68,67.62
F,1.59,55.36
F,1.53,49.56
F,1.54,54.67
F,1.62,59.61
F,1.58,51.47
F,1.59,65.92
F,1.63,67.56
F,1.54,51.5
F,1.56,58.81
F,1.62,55.79
F,1.56,50.77
F,1.64,65.68
F,1.53,55.56
F,1.62,63.69
F,1.53,53.99
F,1.64,67.8
F,1.64,63.91
F,1.58,60.7
F,1.55,59.97
F,1.59,51.21
F,1.5,48.92
F,1.61,56.62
F,1.61,65.56
F,1.58,48.09
F,1.59,64.03
F,1.63,70.87
F,1.66,67.64
F,1.64,67.11
F,1.65,66.11
F,1.64,65.56
F,1.63,68.68
F,1.64,62.63
F,1.73,75.65
F,1.67,65.96
F,1.59,66.31
F,1.59,64.99
F,1.67,67.98
F,1.7,74.46
F,1.58,62.96
F,1.64,62.37
F,1.57,60.84
F,1.58,60.4
F,1.73,66.61
F,1.48,44.71
F,1.67,66.66
F,1.64,61.78
F,1.56,54.66
F,1.63,65.93
F,1.69,71.11
F,1.72,69.52
F,1.61,60.68
F,1.58,49.16
F,1.6,61.21
F,1.52,49.5
F,1.66,68.16
F,1.66,62.48
F,1.54,58.71
F,1.65,60.8
F,1.6,55.84
F,1.67,71.44
F,1.61,62.51
F,1.8,79.85
F,1.6,64.38
F,1.51,57.78
F,1.53,52.7
F,1.59,60.13
F,1.54,52.8
F,1.68,72.76
F,1.72,70.71
F,1.53,54.68
F,1.76,84.0
F,1.62,60.86
F,1.65,65.56
F,1.61,59.78
F,1.6,60.31
F,1.71,68.89
F,1.59,65.24
F,1.73,67.72
F,1.55,56.06
F,1.64,67.63
F,1.7,78.05
F,1.62,59.92
F,1.56,58.12
F,1.53,54.18
F,1.68,69.98
F,1.57,48.2
F,1.6,60.55
F,1.58,64.66
F,1.61,60.35
F,1.67,63.58
F,1.54,57.84
F,1.69,72.1
F,1.61,59.35
F,1.72,77.7
F,1.58,63.43
F,1.66,76.05
F,1.59,66.84
F,1.61,63.59
F,1.62,62.74
F,1.44,38.29
F,1.63,63.28
F,1.56,46.75
F,1.56,50.1
F,1.64,62.31
F,1.6,55.53
F,1.5,56.72
F,1.74,71.63
F,1.72,73.31
F,1.58,57.38
F,1.6,61.58
F,1.6,64.43
F,1.67,64.93
F,1.65,63.3
F,1.6,58.19
F,1.65,64.47
F,1.58,55.8
F,1.64,61.61
F,1.57,55.4
F,1.72,70.01
F,1.57,51.18
F,1.58,51.88
F,1.65,67.67
F,1.65,59.16
F,1.52,51.58
F,1.61,58.56
F,1.61,64.61
F,1.52,51.28
F,1.67,67.83
F,1.58,61.13
F,1.46,44.01
F,1.72,73.57
F,1.57,56.38
F,1.51,50.46
F,1.58,53.37
F,1.53,56.33
F,1.68,71.52
F,1.69,69.89
F,1.66,57.14
F,1.56,52.09
F,1.52,52.4
F,1.66,65.34
F,1.66,60.67
F,1.52,46.89
F,1.62,57.97
F,1.46,48.46
F,1.6,54.42
F,1.54,40.9
F,1.55,47.8
F,1.51,55.4
F,1.62,66.14
F,1.66,67.42
F,1.61,67.84
F,1.62,60.96
F,1.59,63.13
F,1.58,59.13
F,1.66,66.26
F,1.62,67.24
F,1.61,61.79
F,1.59,65.52
F,1.65,62.33
F,1.58,48.86
F,1.69,67.32
F,1.58,65.62
F,1.52,47.36
F,1.68,73.37
F,1.68,66.06
F,1.62,63.86
F,1.53,47.61
F,1.6,55.35
F,1.54,47.56
F,1.6,58.87
F,1.66,55.03
F,1.55,56.7
F,1.59,60.42
F,1.52,52.42
F,1.65,68.51
F,1.78,79.72
F,1.59,61.91
F,1.54,58.51
F,1.54,51.84
F,1.61,59.09
F,1.61,62.23
F,1.58,56.96
F,1.66,74.64
F,1.48,49.9
F,1.71,74.15
F,1.67,69.13
F,1.61,59.16
F,1.68,68.44
F,1.63,66.14
F,1.67,65.11
F,1.59,60.97
F,1.57,57.62
F,1.51,45.04
F,1.66,63.04
F,1.7,74.43
F,1.63,58.82
F,1.65,68.9
F,1.61,76.39
F,1.58,61.89
F,1.62,64.03
F,1.49,43.83
F,1.7,68.45
F,1.45,32.99
F,1.62,57.9
F,1.61,57.31
F,1.51,50.27
F,1.73,71.91
F,1.64,66.53
F,1.6,60.82
F,1.68,72.77
F,1.68,70.24
F,1.49,47.8
F,1.68,74.15
F,1.58,60.68
F,1.76,77.39
F,1.62,58.86
F,1.74,73.32
F,1.66,60.51
F,1.58,55.91
F,1.65,63.19
F,1.56,55.58
F,1.67,60.78
F,1.66,71.59
F,1.52,50.43
F,1.53,56.92
F,1.69,75.49
F,1.51,54.3
F,1.71,73.46
F,1.58,63.25
F,1.5,47.12
F,1.67,72.9
F,1.7,76.57
F,1.6,62.66
F,1.58,61.76
F,1.63,63.32
F,1.58,55.61
F,1.65,71.16
F,1.57,67.09
F,1.62,57.98
F,1.65,63.77
F,1.65,54.81
F,1.6,65.92
F,1.5,56.42
F,1.55,57.36
F,1.6,60.48
F,1.68,62.44
F,1.56,59.61
F,1.65,72.9
F,1.59,61.5
F,1.48,51.65
F,1.62,65.85
F,1.57,59.37
F,1.55,56.44
F,1.64,61.48
F,1.58,57.74
F,1.63,64.2
F,1.69,65.66
F,1.57,65.97
F,1.7,62.43
F,1.66,70.79
F,1.64,71.17
F,1.47,42.09
F,1.64,66.38
F,1.55,57.69
F,1.65,64.7
F,1.48,52.6
F,1.69,74.61
F,1.71,73.01
F,1.49,49.03
F,1.78,91.73
F,1.67,64.85
F,1.6,63.13
F,1.66,73.75
F,1.59,55.33
F,1.61,59.19
F,1.59,64.32
F,1.68,62.87
F,1.67,73.43
F,1.71,81.2
F,1.47,52.45
F,1.54,52.72
F,1.65,69.58
F,1.7,67.59
F,1.57,59.43
F,1.65,62.42
F,1.62,59.67
F,1.58,58.26
F,1.63,61.11
F,1.65,70.85
F,1.7,69.01
F,1.56,61.52
F,1.7,69.74
F,1.6,61.95
F,1.63,65.38
F,1.62,58.66
F,1.58,59.58
F,1.56,53.59
F,1.64,67.44
F,1.69,59.41
F,1.64,64.36
F,1.62,69.95
F,1.54,63.12
F,1.58,58.59
F,1.53,47.56
F,1.52,49.05
F,1.55,50.57
F,1.56,52.45
F,1.58,58.6
F,1.61,66.6
F,1.54,44.85
F,1.6,55.32
F,1.66,70.8
F,1.61,73.5
F,1.62,62.31
F,1.69,72.69
F,1.56,49.64
F,1.51,49.81
F,1.64,57.29
F,1.62,62.95
F,1.72,66.34
F,1.63,70.86
F,1.66,63.1
F,1.74,72.76
F,1.7,73.75
F,1.69,65.14
F,1.67,65.23
F,1.47,43.5
F,1.55,52.26
F,1.69,74.81
F,1.63,56.59
F,1.68,64.84
F,1.51,53.86
F,1.56,46.86
F,1.63,60.3
F,1.56,55.46
F,1.58,64.68
F,1.59,68.74
F,1.6,56.73
F,1.73,75.9
F,1.59,59.48
F,1.71,72.38
F,1.66,67.25
F,1.54,47.48
F,1.65,65.71
F,1.46,41.83
F,1.57,62.73
F,1.72,74.61
F,1.69,65.16
F,1.6,65.3
F,1.72,74.02
F,1.54,58.3
F,1.69,72.59
F,1.65,64.94
F,1.68,71.11
F,1.64,63.99
F,1.55,61.82
F,1.58,56.98
F,1.66,71.42
F,1.57,64.96
F,1.56,62.31
F,1.6,57.89
F,1.7,66.48
F,1.51,58.17
F,1.65,62.8
F,1.57,52.8
F,1.59,56.59
F,1.58,59.14
F,1.62,65.75
F,1.59,62.79
F,1.67,69.6
F,1.73,67.97
F,1.69,68.86
F,1.55,53.87
F,1.68,63.89
F,1.61,65.76
F,1.5,47.02
F,1.68,66.35
F,1.49,46.2
F,1.69,70.71
F,1.69,64.8
F,1.6,59.78
F,1.67,57.19
F,1.58,52.41
F,1.71,76.62
F,1.59,54.43
F,1.72,79.94
F,1.69,62.43
F,1.67,62.45
F,1.66,66.54
F,1.55,61.56
F,1.63,60.0
F,1.63,58.3
F,1.59,62.88
F,1.61,58.52
F,1.65,71.85
F,1.64,68.05
F,1.43,44.33
F,1.44,40.97
F,1.75,71.84
F,1.62,62.75
F,1.61,64.25
F,1.55,51.66
F,1.68,72.13
F,1.51,49.03
F,1.66,65.28
F,1.56,66.11
F,1.51,50.55
F,1.55,51.86
F,1.62,69.51
F,1.65,65.56
F,1.67,50.11
F,1.52,39.47
F,1.74,74.13
F,1.58,65.45
F,1.56,53.23
F,1.64,62.47
F,1.66,63.33
F,1.68,72.48
F,1.57,58.9
F,1.56,52.98
F,1.56,59.65
F,1.59,61.75
F,1.61,58.16
F,1.54,62.5
F,1.67,72.68
F,1.65,66.33
F,1.64,62.62
F,1.64,60.59
F,1.63,61.83
F,1.7,78.1
F,1.62,67.74
F,1.56,57.64
F,1.61,64.94
F,1.55,52.57
F,1.59,62.84
F,1.69,71.25
F,1.59,58.22
F,1.56,63.76
F,1.61,62.57
F,1.56,52.01
F,1.59,54.71
F,1.63,61.29
F,1.58,59.65
F,1.67,69.47
F,1.65,69.38
F,1.47,47.57
F,1.52,57.36
F,1.62,62.66
F,1.53,61.27
F,1.63,63.54
F,1.53,56.12
F,1.56,52.64
F,1.65,71.13
F,1.63,64.78
F,1.67,69.98
F,1.66,72.95
F,1.67,73.37
F,1.6,60.13
F,1.74,73.93
F,1.61,59.83
F,1.62,64.69
F,1.42,38.74
F,1.75,81.02
F,1.55,53.86
F,1.67,68.26
F,1.65,68.22
F,1.56,56.8
F,1.59,55.03
F,1.59,60.71
F,1.57,62.88
F,1.65,66.84
F,1.69,66.93
F,1.64,71.76
F,1.5,49.3
F,1.6,57.4
F,1.64,62.95
F,1.67,77.99
F,1.65,68.08
F,1.68,67.22
F,1.55,57.64
F,1.64,60.71
F,1.57,62.04
F,1.79,87.35
F,1.64,67.81
F,1.6,60.46
F,1.76,81.39
F,1.57,60.68
F,1.54,54.45
F,1.66,61.36
F,1.67,62.41
F,1.64,73.82
F,1.73,79.21
F,1.56,52.09
F,1.62,57.55
F,1.68,68.5
F,1.72,76.28
F,1.66,58.81
F,1.61,67.33
F,1.57,53.88
F,1.58,59.92
F,1.52,59.5
F,1.64,63.75
F,1.61,59.61
F,1.66,68.71
F,1.63,61.06
F,1.65,61.37
F,1.5,51.44
F,1.7,65.04
F,1.64,56.9
F,1.61,60.22
F,1.63,58.14
F,1.54,54.72
F,1.75,75.27
F,1.55,50.91
F,1.53,60.47
F,1.57,56.72
F,1.66,63.37
F,1.51,48.18
F,1.69,68.31
F,1.54,51.75
F,1.56,55.03
F,1.58,64.63
F,1.54,54.44
F,1.7,68.4
F,1.65,67.9
F,1.54,51.54
F,1.64,64.77
F,1.69,73.8
F,1.55,57.81
F,1.67,61.57
F,1.56,65.51
F,1.46,42.48
F,1.59,64.51
F,1.54,55.89
F,1.59,59.97
F,1.67,72.09
F,1.67,66.66
F,1.67,68.02
F,1.66,56.14
F,1.69,71.21
F,1.44,45.9
F,1.54,55.65
F,1.6,54.9
F,1.57,59.98
F,1.65,59.87
F,1.59,64.55
F,1.5,50.73
F,1.6,68.89
F,1.69,66.97
F,1.48,49.95
F,1.64,69.4
F,1.52,46.67
F,1.68,73.18
F,1.7,65.33
F,1.67,68.29
F,1.69,58.7
F,1.66,67.12
F,1.7,75.57
F,1.49,48.46
F,1.57,59.87
F,1.6,56.62
F,1.66,62.22
F,1.6,64.75
F,1.6,70.11
F,1.58,50.54
F,1.51,49.63
F,1.74,67.5
F,1.59,59.38
F,1.58,58.74
F,1.61,66.76
F,1.73,78.99
F,1.63,56.99
F,1.64,62.56
F,1.6,55.12
F,1.55,54.66
F,1.52,52.84
F,1.61,66.5
F,1.57,56.54
F,1.68,63.64
F,1.57,61.67
F,1.53,52.36
F,1.57,56.22
F,1.69,67.96
F,1.5,56.22
F,1.64,62.81
F,1.62,60.63
F,1.55,55.96
F,1.62,62.92
F,1.6,60.78
F,1.55,60.11
F,1.51,50.41
F,1.65,64.32
F,1.59,63.63
F,1.59,65.35
F,1.59,57.23
F,1.72,73.15
F,1.65,68.33
F,1.69,73.52
F,1.67,69.07
F,1.56,63.51
F,1.59,54.61
F,1.65,61.56
F,1.57,57.57
F,1.64,70.8
F,1.62,70.57
F,1.73,74.21
F,1.66,68.72
F,1.64,70.45
F,1.54,55.83
F,1.54,54.85
F,1.66,64.87
F,1.68,56.25
F,1.56,55.06
F,1.63,67.76
F,1.45,51.79
F,1.57,56.76
F,1.53,50.24
F,1.53,61.48
F,1.77,80.73
F,1.67,60.25
F,1.49,50.67
F,1.72,77.34
F,1.6,64.36
F,1.66,68.57
F,1.51,54.99
F,1.54,43.4
F,1.6,64.07
F,1.59,46.65
F,1.57,62.91
F,1.52,44.31
F,1.5,50.13
F,1.68,62.04
F,1.7,77.5
F,1.62,58.27
F,1.75,74.32
F,1.57,51.55
